followers,following,posts,account_age_days,bio_length,is_fake
7270,3735,1238,2682,170,0
860,2834,443,236,189,0
5390,4260,1813,3499,198,0
5191,998,1535,116,23,0
5734,2567,446,3235,166,0
6265,1307,985,226,67,0
466,656,992,2278,127,0
4426,2660,714,182,92,0
5578,2211,73,3321,43,0
8322,1909,536,1342,132,0
1685,3730,100,210,54,1
769,2046,175,3728,157,1
6949,3162,426,1416,28,0
2433,1140,1140,3929,153,0
5311,266,1189,2144,153,0
5051,1845,40,894,36,0
6420,1708,428,1882,114,0
1184,3630,343,2804,180,1
4555,3211,1447,1110,157,1
3385,2293,365,2463,2,0
6396,3732,1143,2027,121,1
8666,3829,608,394,42,0
9274,1510,656,2744,6,0
2558,475,727,3705,124,0
7849,976,228,844,48,0
2047,1207,824,1525,120,0
2747,1960,1153,604,72,1
9167,557,1375,582,40,1
9998,882,888,2043,105,1
189,2194,1341,1940,76,0
2734,4761,983,133,181,0
3005,2667,1672,2839,126,0
4658,4959,835,2697,196,0
1899,4677,1360,3386,90,0
7734,4790,1296,3771,154,0
1267,1610,116,2269,7,1
1528,3488,817,976,31,0
3556,2454,367,3510,63,0
3890,4494,1117,3118,137,1
8838,1946,167,1814,12,0
5393,4810,953,3264,190,0
8792,4799,1738,1544,92,1
8433,2808,1364,3451,162,1
7513,3825,660,2836,60,1
2612,3536,1937,2739,181,0
7041,3802,694,1358,7,1
9555,4177,924,39,28,0
6235,4699,151,1317,94,1
5486,1970,585,2738,40,0
7099,3822,1900,162,157,1
9670,2819,912,3403,148,1
775,902,273,1910,10,1
8226,364,1577,1128,1,0
3152,4258,495,2209,177,0
1585,3119,1747,3871,168,0
3943,2558,100,1659,193,0
7555,1863,556,3126,130,1
3073,115,1105,1964,79,1
1021,2384,1552,1058,178,0
3843,4976,72,2290,195,0
7989,3935,1037,967,86,1
9692,4935,1456,890,152,0
6873,2490,156,2161,157,0
5675,942,734,3062,105,0
161,1724,131,2366,138,0
4297,2334,1361,2071,16,0
995,2767,1018,3630,153,1
7629,1137,1427,2872,22,1
9467,2527,1399,3719,183,0
1016,4117,1911,3190,179,1
7869,3420,558,2749,47,0
6439,4778,106,1667,19,1
7892,3906,1643,3067,1,0
6863,3637,264,3284,87,0
7916,2953,1228,1442,30,1
8529,2367,1102,3185,154,0
878,4221,154,1068,129,0
9268,276,1806,128,77,0
4887,1999,987,2924,3,0
4859,1227,996,158,140,0
6331,3752,246,3857,162,0
8571,3735,530,827,127,0
8684,695,857,3466,199,0
7208,1309,1971,1891,193,1
5276,4152,537,2900,133,0
2062,3234,728,512,30,0
64,4114,1177,3986,137,1
8006,2311,153,2093,20,1
2568,2841,1709,3180,22,0
5463,4208,91,2267,130,1
2027,3559,1456,443,159,0
2695,3398,337,3902,147,1
9687,541,1503,2363,28,0
5258,2694,1716,2225,104,0
5618,4674,1154,2276,51,1
6736,1088,449,1727,114,1
391,3363,809,2007,173,0
5892,24,786,1696,161,0
3561,1572,272,3978,100,1
6184,2958,1952,267,83,1
3099,4236,587,2918,60,1
6278,1767,176,838,124,0
8392,4743,1719,3451,199,1
3104,2235,830,489,70,0
7215,200,642,702,69,0
2454,3198,1898,687,138,0
8996,256,1072,3362,107,0
2731,3747,566,996,190,0
8154,4642,665,357,20,1
9762,2241,1378,3729,130,1
5056,3175,1735,3816,81,1
8110,3606,1331,872,87,0
3840,3336,867,1974,110,0
1028,4897,1908,2252,9,0
7385,413,1653,3285,154,0
502,2014,1798,552,11,0
6910,1381,1069,1811,6,0
9062,1098,301,323,144,0
6938,3426,867,2642,192,1
4488,3655,911,2229,191,0
206,909,407,2547,113,1
5134,187,1212,3392,25,0
5977,4044,821,83,14,1
7721,3756,1853,2351,32,0
7035,2015,1152,262,61,1
1484,2092,560,784,46,1
7858,3644,1560,1224,94,0
863,2130,1289,3312,34,1
2790,357,1141,914,192,1
7408,2422,463,2740,199,1
8755,4257,143,944,75,0
5116,4545,441,2731,122,1
6019,1497,1223,1319,82,0
1757,2158,1180,1536,24,1
7574,2555,486,689,56,0
6374,2342,859,3953,31,1
6892,2951,1157,2444,62,0
1678,1238,1935,1773,11,0
3242,973,147,3210,62,1
4636,4727,1359,839,76,0
1059,3965,1094,878,91,0
6668,1050,1256,2871,0,1
9914,3701,1357,3201,178,0
3157,2780,810,49,69,1
5915,1588,665,3748,135,0
9789,3878,89,2837,195,0
2693,2368,1357,293,132,0
3627,436,198,1652,85,0
9555,2828,1184,536,38,1
5450,1556,537,311,22,0
1663,3858,1144,537,67,0
9721,1304,300,1927,179,0
5592,2384,723,2687,3,0
7392,182,1598,234,125,0
1306,1589,962,1233,174,0
6776,1587,1459,2653,20,0
5864,659,67,2142,183,0
9474,159,1788,2375,104,1
7526,3953,1945,2273,65,0
8901,1011,458,967,186,0
5575,52,1537,890,6,0
5530,2307,397,3864,48,0
4413,1228,619,2059,15,0
3748,1035,1309,3401,144,0
663,3702,1584,3084,83,0
1998,4045,1163,35,86,1
7994,4945,729,447,97,0
1495,4449,555,3524,74,0
3304,1264,1952,1764,33,0
3763,1884,780,3292,160,1
5232,1809,1613,2489,25,1
1853,3167,1751,2701,65,1
6585,3797,893,1559,124,1
1291,2341,609,595,62,0
3581,3414,747,2026,86,1
7554,817,281,2277,40,1
7280,2437,660,344,185,0
1636,888,923,1104,97,1
3696,667,1839,3425,123,0
698,4728,995,1420,78,1
4737,2624,1959,1314,9,1
854,4232,1601,1479,14,0
8164,4523,745,3915,41,1
5855,818,1480,3743,92,0
7392,2188,86,3037,184,1
6528,1106,1102,1152,16,0
5249,2224,1228,3774,187,0
5172,197,790,2957,8,1
1707,2671,1360,3615,113,1
5791,3492,1277,1922,35,1
9925,2448,303,1383,35,1
5535,470,1403,2575,47,1
4931,1948,129,3385,50,0
3510,3899,595,2123,96,0
202,2010,1299,1570,118,0
4218,3800,1722,1895,94,0
8958,4118,557,2244,69,1
4389,3796,898,1867,73,0
2327,3988,1206,29,79,1
8004,234,1291,706,67,0
2931,928,1831,1021,149,0
7777,3607,1345,2064,76,0
197,522,1535,1447,115,1
7125,3523,1635,3661,5,0
1930,4526,77,2853,153,0
6287,4888,783,3665,74,0
8800,1629,1362,3477,87,0
9339,4628,673,2988,2,1
4282,1316,1579,1660,51,0
2511,2857,1532,3603,73,0
9986,1124,237,967,124,0
659,2587,1157,3686,187,1
2811,1023,1996,3976,190,0
7098,1378,1215,3149,64,0
6546,3374,1379,2277,51,0
9561,1519,277,3010,75,1
1986,226,1041,3369,141,0
8338,4968,523,3582,88,1
2911,891,179,2763,71,1
1734,4072,122,3032,67,1
1843,2257,1269,573,155,0
8680,2788,1757,3610,198,0
2976,396,1396,1607,137,0
1959,2078,1074,615,114,1
5759,4744,1094,326,56,0
6694,4424,479,3435,65,0
2385,3237,1583,3741,89,0
4736,3893,1042,2923,49,0
1802,2005,1797,359,13,0
8155,2016,83,3778,15,1
8120,3171,1178,1811,181,1
6616,2668,564,2372,170,0
5534,1878,618,1722,41,1
4061,1196,356,1350,109,0
262,1772,815,3697,21,0
6287,161,646,3897,67,0
8815,3976,442,165,18,0
9208,1751,1092,1597,65,0
2049,775,522,1628,166,1
5423,939,142,2846,72,0
4548,3220,191,2503,146,0
3108,539,1410,1177,143,1
7158,4917,377,3809,53,0
7400,1461,580,1151,152,1
3170,355,534,193,111,1
9874,3604,1716,2675,17,1
2255,3323,1316,3846,150,0
1154,234,1032,2578,116,1
4499,1548,1294,3082,84,0
6295,2096,1410,92,138,0
6197,4213,92,139,38,0
9888,2101,1989,481,104,1
1648,1673,528,2497,67,0
5539,2100,1177,1357,24,0
9637,3657,404,2917,190,0
4199,4653,839,340,157,0
8445,3596,1172,1076,172,1
2557,3748,888,3779,122,0
5592,3173,1290,2514,120,0
98,1815,421,2766,60,1
2200,3841,1863,799,99,1
2961,2005,1641,475,50,1
4973,4493,471,2449,97,0
4433,674,892,1463,136,1
2869,386,546,3950,1,1
956,2158,630,605,4,0
8352,2661,1549,2980,189,1
5699,2064,1526,3045,196,1
6944,3851,1037,2970,179,1
4493,3253,777,821,85,0
9492,4979,1675,2705,132,0
4911,4636,1829,598,186,1
3987,4266,363,1533,67,0
9719,739,118,3225,8,0
6015,1401,1261,514,92,1
1218,3259,545,1527,149,0
4496,2277,1192,1878,154,0
4735,3904,521,3973,137,1
4555,3923,633,3844,124,0
9146,4214,1936,1700,60,1
8050,3227,1680,1030,50,0
3446,2831,962,500,9,0
1045,3758,957,1685,133,1
6893,2512,1758,717,61,1
1693,2151,882,1142,112,1
3436,3675,1792,1509,132,0
8754,2745,779,2649,121,0
5895,3866,870,666,197,1
3354,3764,515,3751,190,0
225,2222,937,2516,122,1
4893,2792,1420,2209,183,0
7022,1697,865,2318,186,0
9151,3462,105,1080,62,0
5600,4063,1108,228,110,0
7996,1524,213,2897,88,0
9007,4760,1144,149,186,0
7683,32,1155,1070,50,0
4642,4025,849,1168,177,0
7679,2566,196,3822,131,0
8208,2803,18,3856,103,1
7339,3896,641,632,122,1
9435,3709,1035,1364,47,1
2205,719,1104,413,31,1
1069,4579,329,1756,119,0
3444,972,865,520,178,1
1060,3718,773,1368,179,1
2327,4402,391,2435,98,1
3420,4552,636,3545,73,1
301,2207,306,2323,33,0
606,4426,1290,2401,163,1
3170,4320,1470,3138,69,1
699,3030,1464,1103,170,0
5088,3575,894,598,109,1
9331,3116,651,1660,15,0
190,3285,840,3274,58,1
980,643,1025,1686,180,1
2975,4711,519,2606,18,0
6102,194,1785,2161,94,0
1184,3996,1674,3163,112,0
3327,488,635,2189,40,1
3394,2204,1332,3361,80,0
8319,2657,739,1925,174,0
1816,3276,1545,730,102,0
5854,1102,468,589,53,0
6709,1241,211,2459,182,0
569,515,1135,377,94,1
5442,392,1031,1408,146,1
1895,630,803,1870,61,1
2733,3716,476,3224,98,0
3863,1847,873,3907,92,0
7455,2655,459,751,186,1
4014,979,252,627,64,0
1686,4529,1549,3391,67,1
3009,3402,751,3441,27,0
7806,3871,1461,1630,17,1
154,277,1777,995,25,1
1409,232,980,1584,103,1
784,1552,853,703,146,0
8096,3270,1684,2510,54,1
7560,2409,235,2060,118,0
7343,3512,1329,1180,123,0
7206,25,477,3756,184,1
5596,460,678,477,133,0
5801,3764,1043,2987,128,0
2806,3431,215,401,7,0
537,3483,854,2856,50,0
5986,1994,134,2225,84,1
1841,490,904,3413,24,1
8716,1072,1152,57,174,0
6971,3173,409,3927,182,1
5625,215,1445,1876,191,1
2950,1723,1317,448,82,0
7992,1592,1269,203,92,0
4780,2606,1724,3769,116,1
2368,158,1579,1657,137,0
6655,4781,85,738,55,1
8173,3313,555,202,11,0
4495,2841,1865,1354,160,0
9163,1776,1398,2411,119,1
6002,2052,1469,892,70,1
6614,2295,377,2502,16,0
9358,1696,1413,2404,188,0
5919,2993,1680,216,121,1
853,2469,1074,3020,123,1
4146,1946,241,2603,9,0
3769,3809,1317,2935,30,0
574,2783,919,23,59,0
1148,3644,1586,2203,69,1
6293,2500,265,1210,16,1
6457,3645,1143,2297,49,0
7509,2645,711,749,36,1
9907,2349,1940,805,189,1
4777,1932,1271,134,117,0
3854,3294,69,321,199,1
2491,1757,1876,2438,156,0
3124,1116,56,434,159,0
5691,2567,1405,1046,79,0
3051,3499,38,873,10,0
4,492,800,3672,133,0
5222,3306,1466,3737,122,1
5315,619,1041,3197,34,1
4869,3232,1975,3151,32,0
876,3823,731,2906,17,1
9183,2380,824,2099,164,0
7027,1546,755,3800,12,0
4142,4958,351,2224,89,0
6966,3563,1995,2918,109,0
7079,1605,1839,253,191,1
7987,3752,1321,966,0,0
6799,4675,282,3318,62,1
4465,1890,1609,739,33,0
635,1275,109,1130,102,0
1693,2743,1016,3265,9,0
9874,2493,1203,1340,127,1
4752,356,1961,302,6,1
8311,869,543,2596,55,1
830,885,1769,1978,79,0
5177,2001,1817,2764,164,1
9561,1283,24,2827,156,1
8932,619,842,2316,11,1
8308,882,790,3242,144,1
5949,796,737,3058,47,1
2838,3642,56,551,25,0
1150,3425,179,1479,111,0
7560,1296,231,3723,121,1
1931,4714,1917,1316,11,1
9204,244,342,1588,148,1
1664,2895,476,1823,41,0
1081,929,1822,1825,60,0
512,519,575,1165,57,0
7805,3212,454,3218,181,0
5237,2409,1255,3497,33,0
559,7,288,314,6,1
3672,2525,1236,184,108,0
7404,3423,257,1688,34,0
3343,2019,529,713,14,1
4070,4590,686,2176,192,0
9662,4282,928,1311,24,0
580,3667,228,3895,58,0
7004,3671,1249,3325,78,0
8130,2801,595,3850,85,1
3147,85,1826,2748,133,0
4249,3115,434,2434,179,0
1679,4232,881,3302,87,1
3506,2468,1020,271,148,0
7253,3619,1781,1795,70,1
2744,1636,401,811,120,0
9435,3583,621,2463,92,0
5188,4009,1789,198,95,0
2141,3326,87,3395,31,0
6617,2218,583,1080,52,0
2479,2217,1916,2879,58,1
6484,4967,1565,1227,68,0
9827,2369,1707,3855,189,0
7421,3638,308,1645,131,0
9949,2503,905,628,85,1
4452,943,342,604,17,1
5881,2837,435,1162,80,0
6665,2660,176,1446,113,0
2849,2936,138,3887,183,0
7390,4444,193,1081,23,1
6905,3947,1209,1586,65,1
2489,1676,1241,3058,140,0
9823,1196,1187,2119,61,0
9207,4105,1184,911,53,0
9540,2787,942,3986,142,0
4611,1461,524,594,196,0
2839,3318,1831,1396,130,0
8527,666,1624,3689,36,0
5878,2176,1859,600,36,1
9087,3743,1065,514,130,0
6303,600,914,1896,190,0
851,2652,209,2132,34,0
1687,4422,740,3042,179,0
6833,3824,861,1067,123,0
2427,3906,1298,3738,155,1
9760,979,953,2887,17,0
4000,2451,1302,1958,121,1
5052,628,1274,2654,163,1
2738,1629,1333,810,160,1
5732,3696,1743,2181,191,1
5387,3430,832,3467,153,1
8002,3674,139,1089,47,0
5536,3929,791,290,167,1
3913,2765,545,2424,16,0
1066,4369,1844,769,167,0
7723,4780,1016,2515,134,1
4380,115,1927,3970,56,1
4107,4956,1553,3285,7,0
5726,2003,56,3220,127,1
3373,692,111,3645,116,0
8945,3162,4,471,55,0
2082,1105,1433,2197,125,1
8967,3008,1437,88,158,1
6748,2161,1205,3396,58,0
9817,153,1036,3967,57,0
417,3699,1362,2444,139,0
8306,4410,1820,790,175,1
8808,3786,1282,3476,158,0
3974,1064,89,3154,107,0
3267,4200,615,1665,190,1
825,1913,890,1310,73,0
7668,1216,697,3454,166,0
5745,2401,1273,865,147,1
9708,1772,1278,3864,100,1
412,1960,1611,1294,47,0
7543,2780,897,3364,70,1
7587,4804,970,3525,115,0
728,4746,1131,3787,181,0
7164,2871,667,24,121,0
8867,660,593,3004,77,0
5988,2635,588,1887,198,0
2504,2329,484,311,28,1
2967,3954,981,1485,92,0
2786,2450,971,1232,72,0
1122,1132,1281,3864,99,1
4079,699,638,3789,175,0
1571,2038,996,2712,73,1
5073,4647,1926,2486,183,1
5104,4500,281,3610,94,1
2143,4557,985,706,16,0
9879,2179,1111,1360,136,0
6806,2838,1227,422,96,0
7357,873,15,1774,161,1
3440,83,1174,2369,172,1
3766,1422,935,3569,8,0
5644,2675,253,2635,134,0
2914,3180,1211,947,143,0
4968,4316,328,1187,18,0
5917,3975,543,1835,133,0
8787,1391,782,1565,113,0
728,3218,996,3237,138,0
1365,4207,1420,849,124,0
4492,614,1540,3770,60,1
698,2971,1482,1590,41,0
7186,3565,1353,1319,12,0
395,3576,1843,2090,139,0
7400,4570,844,1948,84,0
8082,270,1192,1309,19,1
4171,4066,1716,2987,49,0
4360,2468,365,387,163,0
2502,1390,1201,2036,91,0
717,3354,654,1162,87,1
2782,4135,1385,3259,68,1
4946,3607,759,2026,36,0
5486,2583,638,2958,139,1
8335,4073,1798,716,98,1
4980,3075,1063,2479,124,1
7266,3906,923,2602,167,1
4491,289,415,3934,53,0
7192,2480,1378,3488,129,0
5588,3252,254,2848,177,0
7651,278,1166,426,40,0
3636,2924,1775,1440,44,0
1167,580,1763,2074,102,0
1062,4958,1876,3443,105,1
2156,253,709,385,136,1
7860,4276,576,56,189,1
5161,4776,899,3325,127,0
5305,824,10,2682,85,0
6541,3832,1643,106,46,0
4729,699,25,3202,4,0
9348,1380,956,2897,0,1
7330,3896,420,670,43,0
5334,1673,1686,376,149,1
8924,2727,1244,743,37,1
4330,3156,1876,967,18,1
8010,3388,495,308,158,1
6801,4307,1260,2139,114,1
4846,383,236,3465,194,1
6731,341,1008,3606,86,1
7241,1987,218,802,169,1
953,4059,1510,110,122,0
2539,4939,1959,3633,81,1
7056,3109,460,1665,153,0
1542,4082,662,2633,140,1
5293,4515,634,340,57,0
1191,2798,1167,1589,145,0
6313,3240,989,979,66,0
6938,1988,188,2404,121,0
2681,3414,254,1916,86,0
9409,1849,67,168,130,1
1540,305,615,557,54,1
6172,3613,335,3524,88,0
5541,2749,670,905,57,1
9580,4964,820,105,62,1
1365,1135,873,2048,90,0
8691,205,1432,2198,51,1
9872,4591,299,146,125,0
8702,3450,1931,2764,23,0
7494,3811,1625,874,71,0
4312,3622,356,299,8,0
1324,3599,255,3239,109,0
9347,2551,1007,1737,164,1
3141,4308,352,646,93,0
7419,309,1755,2771,116,0
3486,2708,1544,3120,82,0
1810,1991,523,638,180,0
6588,271,1860,2287,79,1
2923,3642,949,3079,151,0
5301,4086,755,2512,148,0
4186,1822,1717,2501,99,1
8905,3273,283,784,39,0
5977,4538,1335,897,102,1
4268,4349,98,371,61,0
4748,520,196,3621,197,0
4849,976,481,487,68,0
9435,3722,877,3283,141,0
3709,3551,1249,2038,108,0
9273,4105,1868,2213,169,0
6619,2773,614,3197,177,0
8647,2552,617,1361,188,1
9086,2832,1388,192,3,1
9576,3907,367,730,71,0
3072,152,569,2262,16,1
6530,2964,589,2622,113,1
504,2916,1098,3400,84,1
1214,2800,1065,957,56,0
1531,1752,421,381,106,1
7576,2610,835,2721,47,0
823,3875,1204,3650,171,1
928,1104,544,798,172,1
5029,2536,70,239,116,0
133,4990,1591,3604,160,0
2105,4199,1128,2748,30,1
3627,3854,1223,1106,111,0
6316,3494,1124,1387,46,0
1852,1914,767,2553,133,0
4910,3072,306,2250,107,0
4175,1006,1609,2968,71,1
5348,406,1706,1528,70,0
9442,166,376,1668,161,1
6190,508,654,37,107,0
1256,1661,677,2692,52,0
3376,3664,398,3661,141,0
5645,3489,1796,3673,15,0
3486,4858,220,1997,170,1
3584,680,1618,1426,115,1
9588,2524,181,2813,72,1
8053,2120,306,3928,73,0
3330,4677,521,2754,80,1
2703,4357,1419,3248,11,0
8662,1363,1013,2593,127,0
8120,1331,3,3642,69,0
7114,2292,862,1491,146,0
1353,1538,1937,1225,40,1
5063,3408,847,2588,180,0
8549,560,803,3619,156,0
7575,1099,1304,3065,197,0
667,1903,214,2023,58,1
4468,174,971,3709,88,1
9337,2156,1633,2442,191,0
6819,2230,1443,833,23,1
3719,4287,100,3114,143,1
2745,4160,962,597,179,1
7483,3920,1544,2441,79,1
539,1497,572,700,133,0
4964,3854,1332,1647,164,0
4835,3171,657,3855,131,1
3775,1567,938,2019,91,0
6042,1151,1954,441,165,1
7102,368,1533,1861,168,1
7312,4946,1086,1641,91,0
5320,42,1656,1530,80,1
6132,1907,225,2966,141,0
7891,3490,104,2368,70,0
2779,2535,1997,2601,178,0
924,4173,771,3287,64,1
1581,2873,1884,1095,51,0
7714,1824,1448,568,29,1
3324,1293,1278,2967,184,0
5713,4769,428,236,98,0
7026,4796,433,1305,157,1
255,4854,1230,3035,97,0
4804,3386,1051,3689,41,1
1838,2972,681,3974,138,0
9,3922,1359,3959,26,0
2871,4997,587,1186,151,1
8989,992,1651,3263,166,1
7409,2386,1092,1033,71,1
7418,2240,865,2108,17,0
5124,1476,745,2941,76,0
1015,3407,1536,1841,44,0
2193,389,1190,225,114,0
8415,999,863,1843,86,0
7449,4620,1753,2748,139,1
4158,1855,1808,582,176,1
3925,658,367,3877,158,0
6970,2763,250,3359,91,0
6938,3663,858,3042,21,1
4784,4986,855,169,171,0
4000,1481,1954,3134,91,0
1633,3731,1709,3421,191,0
7266,451,1193,1466,76,0
8702,2475,1781,14,24,0
384,3222,1958,2212,107,1
404,1537,1113,1444,178,1
8175,3093,560,2805,134,0
2000,882,1469,1871,108,1
9860,4408,293,1544,133,0
5989,4068,918,1690,23,1
1460,4935,1173,1572,18,1
7190,2566,1155,3632,82,1
7140,3277,432,3669,114,1
3636,374,58,1052,8,1
4809,4546,968,1732,111,1
4178,3697,835,446,163,1
7245,3062,198,3280,101,1
6600,4690,214,3542,167,1
5997,3250,897,716,151,0
2048,4595,1584,3024,47,1
4780,4559,471,819,190,0
716,112,1767,2152,68,0
7939,3197,246,2790,180,1
5565,2378,381,426,181,1
4544,1924,990,1125,169,1
4976,139,1262,1565,118,1
3419,1424,926,2687,44,0
7239,2949,1390,850,124,0
9766,3168,1191,1546,13,1
249,516,559,1130,156,1
8865,2616,1074,1703,133,0
770,887,1834,2002,134,1
4363,3104,1633,2817,36,0
1077,49,1974,3879,52,1
8427,3951,1751,277,17,1
8580,3560,688,3137,37,0
7901,18,379,1807,186,0
4858,4821,473,2948,128,1
6544,1473,1103,2236,195,0
4719,4061,696,3389,43,0
2814,2606,1390,1940,46,1
3374,451,1484,3210,34,0
1252,3765,910,3415,59,0
6996,2438,1562,2153,89,1
4673,4310,1475,546,51,1
4530,1549,1487,2428,7,1
6881,3474,959,110,106,0
6949,127,477,545,168,0
9521,4855,1003,2402,130,1
6241,2761,925,743,196,0
8017,4456,1443,2365,141,1
6941,4664,706,1290,95,1
9550,1415,1237,3766,25,0
7002,201,1392,1876,110,0
1331,2369,853,1089,197,0
4261,517,1137,333,122,0
7648,1341,1016,1537,185,1
9550,4776,753,1157,167,0
5115,1988,502,592,50,1
4637,3545,1659,783,122,0
4854,4520,816,3825,4,0
3177,3802,587,540,76,0
7730,3275,1334,2783,159,0
2180,3654,1492,1559,0,1
4892,2434,1847,1520,181,1
7043,4873,707,2669,10,0
137,207,1886,619,180,0
6327,2633,1067,3729,7,0
3472,4117,1438,3441,152,0
5449,153,1721,3938,167,0
2832,3366,1878,2957,31,0
3579,4314,1269,3982,27,0
5971,4764,1972,3723,130,1
4164,1518,1107,3868,127,0
7941,2600,206,1834,61,1
5569,2195,150,992,26,1
4300,4498,667,2147,44,1
6269,4691,527,2365,104,0
3818,3554,164,2171,91,0
1906,2414,916,3392,24,0
6254,2849,1998,2847,188,0
760,1742,1168,1617,43,0
7830,1306,1009,1519,173,0
7350,3849,36,2505,141,0
6238,4168,332,522,135,0
6090,4576,402,2568,175,0
6031,4655,413,917,141,0
7687,4840,44,717,192,0
9091,4195,1425,2363,79,0
9911,2555,205,2757,81,0
8472,2305,61,2758,134,1
1887,4508,419,3614,87,1
3266,1088,867,3551,176,1
666,2642,1491,1937,126,1
4188,1177,819,3092,54,0
671,4916,18,560,140,0
6777,4757,364,969,183,0
7570,2994,1323,3202,55,0
7956,559,1030,3365,14,1
5124,2964,1784,3969,184,0
5585,1271,427,3204,57,0
4777,1813,1140,2404,162,0
3900,2915,579,1078,87,0
6677,609,1530,890,96,1
6981,2461,545,793,143,0
6376,4120,1729,3459,7,1
523,283,324,2313,172,0
2393,2928,54,982,39,1
2593,4396,777,3287,181,0
9945,1091,991,3532,13,1
7240,816,41,3530,186,0
6937,82,1320,802,52,1
6190,1920,1996,43,126,0
5240,3491,230,1610,154,1
6493,3144,452,2910,174,1
2878,2093,1913,3350,79,1
4143,4713,393,3910,114,1
3644,175,1545,1778,133,1
4432,2704,1381,3202,54,0
1276,4937,1467,350,43,1
5811,369,1151,3778,17,0
302,1818,690,1568,15,0
638,2101,1428,1130,11,0
55,4785,391,2960,147,1
8717,3490,1216,3788,44,1
8150,1779,603,2049,191,0
2125,1364,880,1781,186,0
364,4462,1766,584,92,1
6809,3342,1101,432,21,1
4621,4739,84,3378,96,0
5126,3676,1053,1933,46,1
5122,2426,1748,3599,28,0
1646,72,48,2101,44,1
918,2962,1800,2988,76,1
2797,859,1168,2568,8,0
6506,3856,68,3402,23,0
5870,4138,1081,3630,14,0
1531,2424,696,1349,163,1
8172,1064,1597,3186,12,0
3345,2217,478,2195,90,1
7673,4017,819,2031,171,0
6949,2259,1468,1190,100,0
6882,3751,1319,3451,70,1
1906,2086,1701,1163,199,1
3086,368,1194,2677,121,1
8152,2804,1598,299,75,1
5750,150,146,3348,163,0
8905,1134,1507,1940,115,0
1062,2784,1329,789,60,1
1976,4164,1696,850,167,1
1296,2346,1676,3897,125,0
6229,4897,1869,2226,154,1
7641,2250,1015,2890,0,1
125,60,608,1378,161,1
4632,3010,445,1178,67,1
6288,3901,220,1950,87,1
3596,1337,1578,3273,20,0
6168,1184,1968,878,160,1
9795,4426,1827,1139,134,0
7561,1551,1401,3743,192,0
8258,4433,1643,1578,2,0
232,1629,1289,2807,50,1
9361,1327,94,3140,78,0
6371,1526,261,3517,94,0
4206,1673,1848,2493,181,0
9685,1361,896,3398,122,0
7943,1573,1094,3918,186,0
6891,2686,1977,2756,5,0
6738,4370,218,2650,156,0
2472,2366,1556,1647,16,0
2739,3757,91,1904,116,1
5401,2434,126,1383,59,1
1761,1993,79,145,149,1
876,869,1847,2323,151,0
3812,1014,1261,2557,124,0
9504,1911,982,1203,80,0
1460,602,1395,2801,84,0
1733,3821,915,1862,50,0
1605,690,485,1855,177,1
5622,493,693,2525,138,0
6767,489,24,1867,183,0
6986,2556,155,3486,70,0
3517,4485,1540,3225,169,1
3735,294,631,3176,38,1
9352,4027,1812,1099,68,0
8434,2843,1553,1152,47,0
2590,2912,1966,1735,124,0
1063,1717,1733,2714,56,0
4324,2596,1080,568,20,0
9111,4744,1628,1814,81,0
5342,1873,18,3417,98,0
5,4663,1407,531,147,1
7489,3258,1888,2207,14,1
8659,2817,1216,1562,68,1
8195,444,236,3498,178,1
5966,3641,1410,681,75,1
8837,4458,1449,2071,61,0
117,741,276,1071,118,1
2551,2041,1250,2573,36,0
5560,679,744,729,133,0
4289,2467,551,3906,198,0
846,3697,1346,1730,25,0
6316,1358,1176,2192,7,0
6469,62,638,3657,3,0
9333,2559,236,668,20,0
8915,3769,997,1613,158,0
224,4351,54,3491,148,0
4208,134,1459,681,24,0
6283,3644,683,973,142,0
2048,4970,108,2847,162,0
6233,4917,1889,2133,176,0
9765,2135,1207,2464,42,1
1828,3278,1974,2742,168,1
1917,822,1391,2530,36,0
4234,3074,1221,2504,184,0
6988,2981,1394,827,41,1
2026,120,372,297,174,0
3744,1637,972,3184,91,0
9093,924,1520,1254,60,0
9,644,1622,3168,141,1
260,2032,200,2998,67,0
6038,2761,848,2728,52,0
9865,2068,508,2426,83,0
2219,241,1345,3228,33,0
7041,2668,274,2469,75,0
2060,802,210,2153,96,0
5287,4164,503,1729,151,0
1619,195,1926,2025,147,0
8512,2187,1141,330,196,0
1342,3515,702,2487,29,0
2832,2330,1577,1156,87,1
2824,2359,41,1891,6,1
1994,4841,314,382,35,0
3490,3606,787,2186,37,1
9310,276,328,2991,51,1
7984,60,1040,843,142,1
1604,3390,282,2318,173,1
235,1913,942,3622,150,0
1908,3927,257,396,139,0
8567,2591,574,3629,171,0
3530,566,573,2961,142,0
5256,3935,611,2512,92,0
2635,1571,1042,3747,106,1
8162,4717,1552,450,125,1
9762,1200,836,1355,48,1
2560,4409,422,3325,20,0
5415,2854,1489,3753,14,0
3391,2895,1396,1987,13,1
5951,1236,757,1309,41,1
5468,136,762,1298,14,0
8007,1029,1990,2068,62,0
9064,2156,1104,2287,195,1
9444,2594,1574,1294,26,0
6413,661,1571,2466,92,1
6941,2472,423,3382,104,0
9506,2677,428,3103,52,0
4820,2308,1411,1850,51,0
2898,86,1944,3176,62,0
7546,2512,1732,3754,180,1
77,2942,1693,186,56,0
7577,2773,203,3200,119,0
4227,2504,195,1234,51,1
600,3310,727,1438,106,0
1065,1700,284,3353,42,1
2136,3670,1992,253,134,0
9510,2700,195,19,116,0
6943,3629,306,2760,169,1
7804,4590,1687,3804,3,1
6565,1647,13,1160,196,1
5984,3318,1860,223,132,1
5142,3687,1169,3,79,0
4670,596,1961,1260,40,1
2190,4545,1080,854,131,1
9184,484,722,1489,1,0
2712,645,779,228,194,0
2192,3089,1233,2961,148,1
1248,4757,528,1678,197,1
4033,4853,797,499,42,1
1997,4384,343,2569,81,0
3687,720,1738,2750,107,0
4018,4733,1634,1886,196,0
1970,498,1302,2965,136,0
8389,4729,208,3749,155,0
5765,1673,640,2016,25,1
1202,3067,1358,1163,81,0
8135,114,1311,1300,82,1
5567,2979,251,2339,130,0
7667,4769,1288,1077,72,1
5742,1736,270,3759,99,0
5788,3611,1947,3182,48,0
5408,2253,919,715,144,0
8669,2294,1723,948,62,1
9446,3630,418,2696,54,0
922,146,1749,3076,150,1
419,3982,794,3739,33,0
2204,3453,1234,2732,104,0
1120,4507,1388,870,104,1
950,2410,1099,1071,68,1
2336,136,1683,94,14,1
5373,3360,1344,2988,174,0
2243,3005,724,560,2,0
2645,3552,432,1776,155,0
4612,18,108,3931,2,0
1865,2242,640,2261,101,0
6028,448,1545,436,3,0
7326,1948,1070,852,87,1
6371,945,378,2556,158,1
6359,4236,1850,2884,44,1
7863,1920,1119,2699,186,0
3228,2977,957,205,44,0
3719,4188,102,2429,74,0
2371,4015,891,3145,164,1
2891,238,853,3588,192,0
3756,204,1169,1100,8,0
4225,2607,1903,3913,144,1
94,4340,1965,77,117,0
2674,4927,1951,816,64,0
6898,3388,1050,768,130,0
793,2972,1755,2458,25,0
2116,4390,529,3686,180,0
5779,2687,678,106,158,1
6166,4951,1968,3917,25,1
814,4166,988,2599,22,1
345,1348,1105,3548,29,0
8554,4400,427,2874,9,0
2443,816,1607,3347,71,0
7783,820,821,2136,63,1
984,192,1502,1747,149,1
7790,1776,1789,2929,142,0
9831,3645,1185,3149,122,1
827,4624,1862,3149,104,1
3531,250,931,1466,183,1
7147,1788,1425,2588,73,1
4451,3700,1531,245,147,0
3876,2463,1061,2626,104,0
5959,1167,1978,3850,46,0
126,3893,510,1406,86,1
3177,1096,392,982,52,0
8795,2679,712,2765,180,1
6024,1847,493,3642,128,1
5109,3904,1223,1737,1,1
4146,504,1278,3809,57,1
7196,1621,1202,142,146,0
3368,2472,546,893,189,0
3797,2546,593,1392,71,1
1792,1387,388,3156,139,1
5732,2994,1421,3215,153,0
3476,3816,1755,2400,26,0
3417,717,157,545,28,0
1645,3484,1027,2961,14,0
9397,4434,166,2200,173,0
3030,658,1491,3230,128,1
2872,4008,959,1470,59,0
3072,4524,408,2701,106,0
1854,4994,1435,3006,184,1
4021,4234,1227,763,2,0
4662,3764,193,3375,114,1
6514,2989,234,624,145,0
5031,4637,717,656,51,0
2708,2104,1173,2498,59,0
7112,1255,1182,2769,33,0
9524,2482,1302,1248,95,0
8393,383,815,43,88,0
3507,2607,403,2312,59,0
6456,193,892,3828,153,1
4212,3807,677,1027,199,0
7970,3719,1334,1661,18,1
8766,2581,67,1292,110,1
536,2565,1486,596,21,1
1625,2763,87,3088,160,1
7973,2798,216,3406,165,1
8577,2339,0,3536,127,0
8070,3406,1158,3131,34,0
8666,731,1720,1013,106,0
8609,2872,1374,2225,127,0
6490,3120,139,2111,194,0
3600,4780,617,958,82,1
6783,4177,132,3051,137,0
9146,2604,1643,561,142,0
4971,2382,177,1331,138,0
1205,531,809,3318,110,0
1990,4316,1381,1313,89,0
5299,634,379,1822,23,1
3572,1769,907,3003,76,0
5975,3804,1894,3404,100,0
6320,2370,657,1551,131,1
4380,2,449,850,12,0
4757,205,585,1279,184,1
2713,4135,462,2652,97,0
5588,2621,989,1534,119,1
966,4739,1131,1815,36,0
4944,2890,121,1742,47,0
3432,3193,16,606,198,0
688,2666,1219,3809,0,1
4243,3306,326,3885,59,0
3701,897,317,2878,139,1
8533,1085,808,1487,148,0
5182,1279,1502,3271,138,1
9916,670,1275,1295,43,1
6704,1505,502,746,114,0
4422,3575,118,558,185,0
9984,4814,1697,2112,107,0
1759,1955,709,3302,43,0
9181,249,1521,942,77,0
2482,1892,1509,2297,161,0
8058,3439,44,1270,24,0
951,1853,313,940,131,0
8914,2854,1202,1611,191,0
2079,1503,1917,2205,115,0
2717,3385,417,2783,118,0
4524,3571,555,1726,143,1
9692,3792,1806,985,9,1
8477,3426,1101,1588,108,1
7311,43,325,3160,193,1
7186,3612,1713,1337,34,1
2065,2618,1380,1875,133,0
768,4678,1439,3138,18,0
5490,3163,1986,662,186,0
6645,1288,514,3092,180,0
5083,2942,213,33,7,0
5232,219,1877,3912,9,0
5797,1925,73,1817,194,1
9138,2972,1586,2606,165,0
4926,3513,1602,2121,28,0
6016,2448,508,1890,14,0
3335,3471,331,2873,86,0
8038,2774,1116,3415,22,0
4873,990,687,1157,45,1
1481,2946,656,3127,27,0
6305,1812,1542,61,25,0
3451,4953,1292,3929,9,0
54,803,1399,1544,174,0
7643,489,1857,272,3,1
3462,3556,1027,2294,54,1
832,1493,1161,1200,65,0
5954,3645,1254,2676,66,0
8519,2891,599,3389,134,0
7221,1705,1552,1807,54,0
3310,3516,1075,2753,30,0
3300,3340,1669,2710,73,1
6722,53,1746,1155,18,0
7218,2575,324,1126,155,1
7776,3591,991,310,80,0
3675,615,1993,3854,155,1
3054,954,1928,1316,146,0
7970,2433,1754,1746,86,1
2143,1629,716,2543,19,1
5207,2781,722,3433,12,0
9503,649,276,338,76,0
2538,2347,535,2627,42,0
4547,4490,1509,10,138,0
5619,3278,1539,49,175,1
8356,2640,151,1511,142,1
6612,3801,954,2671,144,0
5005,2561,1506,1345,181,0
822,3249,258,731,49,1
943,370,323,3641,27,1
6150,857,1016,795,3,0
4425,4886,868,3019,21,1
8966,4753,1191,1649,118,0
2198,383,687,133,100,0
4242,3877,309,3655,38,0
3695,2552,802,2131,33,1
3452,4334,1502,2105,96,1
9106,4290,1079,376,43,0
1308,2725,619,2397,169,0
4177,4034,472,271,39,0
8705,3293,1319,1507,96,0
6852,4251,460,2159,139,0
6035,3988,1347,2917,129,1
3594,922,813,2935,155,0
4841,2915,845,76,73,0
1409,2950,1164,3230,85,0
4566,3046,666,3604,89,1
4491,974,261,1957,66,1
1555,1230,1808,1667,198,0
804,2435,1443,329,199,1
1279,1814,1767,2170,75,0
7083,2934,1264,41,91,0
5986,4933,354,1191,9,0
5619,1363,1872,2970,85,0
1387,3940,769,2690,101,1
2679,203,1784,3095,184,0
2106,160,1612,2327,107,1
8173,4487,179,2811,164,1
4223,768,65,2517,90,0
4831,3748,819,3472,191,0
2768,2581,1371,2057,78,0
3186,1093,170,13,85,0
2573,4500,473,924,106,1
2599,607,533,2971,167,1
4033,1540,1390,1843,100,0
8428,2875,1130,3904,107,0
1304,3191,438,3124,59,0
7368,1837,834,1233,47,0
5877,689,226,3622,116,0
1301,3759,1467,3684,105,0
2541,2949,441,3777,146,0
2051,2103,395,3474,199,0
6809,365,727,1215,32,1
8633,3575,1604,3123,43,0
8996,4550,83,3465,164,1
74,4199,1638,653,111,1
6981,4172,1574,1704,88,1
5475,4325,1036,3895,35,0
8232,2378,1832,621,80,1
7184,1205,1848,3791,87,0
5796,4988,692,1963,148,1
7141,3839,492,3372,129,1
1622,2735,1291,1646,30,1
8041,3347,1548,2244,107,0
341,1675,1143,417,29,0
2074,298,969,664,171,0
7992,956,352,3492,11,0
645,1114,1080,1779,50,0
4263,2505,39,3712,120,1
8801,1474,1909,3689,176,1
6136,4460,1359,3594,151,0
8646,4446,639,1380,151,0
9900,3726,172,148,187,0
2969,3471,1570,2046,138,0
3028,2828,258,3049,12,0
7643,2850,1911,1389,90,0
2681,2506,516,2412,199,0
3629,3770,729,3724,73,0
4225,2964,522,1726,199,0
3067,4594,1917,402,191,1
5941,949,838,2654,19,0
1386,4603,116,1516,71,0
2866,2850,183,2032,72,1
4788,165,1929,229,70,1
5490,3486,1897,1599,77,0
4124,2509,1139,3924,27,0
8340,919,161,2585,129,0
3850,113,1602,268,120,1
5415,3504,1735,1429,42,1
7679,991,542,1817,7,1
6819,3839,1610,1035,12,0
9328,1258,1260,1344,110,0
8378,3426,838,3785,34,1
9442,514,1089,126,22,0
1333,4804,1093,2354,45,0
4150,3196,1832,1726,14,0
6766,4434,446,3583,129,0
2711,2584,415,1113,60,0
4853,67,531,3427,114,1
6212,1596,440,2676,63,1
7479,4478,737,1376,51,1
5408,18,1969,689,163,0
9977,2730,463,3086,194,0
7715,3521,1944,1281,68,0
8942,572,395,1233,66,0
1762,2258,710,281,174,1
7101,2902,1574,443,82,1
7674,650,1680,1864,1,0
6122,2587,1580,837,171,1
481,3262,394,389,191,0
153,1338,325,617,77,1
7617,4996,1916,3555,27,0
1524,3634,1942,147,53,0
2120,2827,1114,3351,66,0
2343,2217,749,521,163,0
5136,3539,1093,630,101,1
5760,1037,1189,3678,119,0
1240,4383,641,2482,190,0
60,3978,213,2192,152,0
9130,2961,1875,289,47,0
1639,3226,1624,1410,166,0
6185,1098,1358,14,46,0
7970,2324,1787,257,20,1
1252,939,368,3418,157,0
4203,3716,1884,1722,91,1
8363,3414,1607,3417,158,0
9650,1448,1700,1424,120,0
3549,570,48,1231,115,0
4197,2904,1075,858,153,1
7009,2505,1312,2991,149,0
6667,917,1813,1196,148,0
2322,1874,1649,464,0,0
9828,4928,1262,270,164,0
4090,1678,132,1245,76,0
6960,615,998,3224,84,0
3004,4501,785,2671,45,0
5136,1749,1189,1207,136,0
329,3825,1397,3471,144,0
3640,4188,372,3923,46,0
7982,2477,1828,72,58,0
4107,4749,1501,3490,53,0
1341,3505,1778,3970,85,0
8407,3475,478,1307,11,0
338,4529,831,2122,191,0
5895,1135,649,2403,5,0
2708,4000,1614,1751,52,0
1750,374,681,497,143,0
5604,206,1658,3400,89,1
2421,4875,687,988,4,0
7119,1319,1323,3607,72,1
8901,1141,81,2628,173,0
5319,4627,86,910,13,1
6609,2690,224,3519,171,0
5387,3255,15,373,190,1
3993,89,821,362,105,1
8680,4108,1381,2141,51,1
8044,3020,162,1345,115,1
8238,1857,1633,324,25,0
4873,804,1691,2432,52,0
4806,944,513,575,108,1
8592,2789,349,736,28,1
5913,3875,1932,2785,18,0
7124,1610,680,3953,46,0
3157,2923,1487,2394,135,0
390,3882,1850,3921,22,1
4430,3221,1860,3175,116,0
8820,4391,1398,3287,105,1
7686,4735,1115,1216,162,0
4232,2387,180,1696,52,0
8007,4723,742,1908,95,0
1521,941,1324,719,185,1
9018,4925,659,781,4,0
1500,2566,1815,1020,15,0
6737,975,1212,3266,16,0
3294,954,1882,1404,159,0
5085,1262,1885,1427,101,1
2419,943,1337,664,179,0
9126,2202,492,1773,19,0
3042,3327,922,2648,111,1
4497,4274,1945,11,119,0
1466,2259,127,2235,193,1
3561,1828,1542,2774,110,0
614,1257,1449,1039,0,1
5392,464,1582,2826,57,1
7693,3294,564,3369,92,1
9374,1230,1210,2459,171,0
3223,2654,549,3004,5,0
7138,884,452,585,107,0
2667,3805,470,1076,102,0
7980,3856,987,3712,49,1
130,3135,737,3100,117,0
2983,924,1588,2625,109,0
4278,4589,1934,3089,199,0
7126,1546,223,1375,87,1
8230,1094,153,1452,19,1
7694,2411,559,3722,13,0
6640,2617,350,1855,132,0
5468,762,1170,3301,168,0
920,2323,1928,1790,39,0
7564,4145,1599,3037,33,1
8684,2775,348,3282,123,0
9323,4659,181,3503,44,0
8502,4878,636,3366,198,0
8930,3155,1017,743,79,1
3241,3970,178,1777,70,0
545,2040,1062,3654,154,1
4346,583,771,3176,77,0
9996,4331,893,204,77,1
3810,2103,1026,1077,171,0
7206,1942,1015,974,32,0
9005,4455,63,2988,32,0
2032,109,28,1399,43,1
8436,191,371,1866,19,1
271,903,1546,3126,110,1
3511,861,96,1300,163,0
1771,1083,1893,3407,6,1
9454,649,1465,1055,159,1
4361,4134,1226,1159,194,1
7069,3611,1434,3130,166,1
920,636,992,105,23,1
8190,1036,20,3338,69,0
3430,4131,1574,3594,111,1
4435,2148,734,3568,103,1
3760,3865,1125,253,53,1
2050,3157,1069,295,37,0
1165,3587,65,2716,73,0
8567,3294,602,1182,79,0
2033,4261,1187,549,31,0
6467,2430,1994,2679,44,0
145,1879,1134,3139,60,0
4388,3966,337,1778,197,1
7832,3713,122,299,52,0
8623,4126,1728,3535,127,1
8896,4106,446,1749,178,0
8173,2011,610,1844,75,0
2632,3373,1314,101,183,0
4494,2143,670,3128,26,0
8056,2500,1435,2380,165,1
7511,4581,614,2884,61,1
9155,1289,896,1775,17,0
1828,1447,280,2441,126,0
9130,3199,1066,3815,108,0
4805,1943,1509,874,102,0
806,3183,595,2429,191,0
9655,3216,1986,92,76,0
7486,3136,702,3863,116,0
8202,3318,1074,447,103,0
1868,2782,1921,109,157,0
7878,990,209,317,48,0
5690,4920,125,3240,168,1
7827,2153,491,1836,115,1
5429,225,1532,1944,140,1
9076,776,959,1459,161,0
3564,2837,969,442,99,0
1389,687,580,2266,124,0
7274,529,776,1246,24,1
824,3442,257,2721,193,0
2265,2153,1953,1552,127,0
936,1294,1211,278,99,0
6402,1526,229,3057,145,1
3845,4774,188,569,4,0
1796,2896,1438,3646,18,1
8245,3103,9,1010,169,1
7214,2440,1137,2923,17,1
726,4135,1099,2514,120,1
2736,3802,675,839,31,0
1913,844,501,2802,148,0
9788,446,84,3674,9,1
7657,3915,48,1608,36,0
2466,3109,1518,2886,176,0
9041,1234,837,30,85,0
7312,226,1007,2407,12,0
8194,4143,688,1943,182,0
7906,2959,386,3360,144,0
4876,1830,969,2134,8,0
7287,3779,1412,1258,87,1
892,186,1005,2795,171,1
4675,2877,217,2361,45,1
1933,2535,1724,365,135,0
1380,1932,1004,1801,118,1
1290,2924,1369,1823,164,1
1640,848,1253,1863,18,0
7490,2032,254,905,190,0
9179,1252,235,3341,173,0
1218,1881,1049,698,93,1
5016,269,1607,2179,198,1
6881,1630,1284,2851,25,0
9547,4405,1789,2837,45,1
9752,3203,270,1856,117,1
9610,1574,122,351,45,0
954,2892,655,180,13,0
9175,1695,1280,3874,84,1
7291,3258,1679,1504,62,0
974,3262,1444,3961,71,1
4133,1445,258,1187,2,1
5370,219,947,1807,27,0
3972,52,46,3960,124,0
5295,1757,862,3168,156,0
9105,1666,524,774,86,0
8228,2785,887,510,145,0
9903,719,207,365,162,0
3020,405,1334,3029,76,0
8987,2294,746,353,75,1
4036,71,148,2848,174,0
5068,2053,1857,3508,113,0
5233,1229,437,1107,132,1
9516,1567,154,1249,74,0
317,3682,1701,412,58,0
2396,2953,1113,735,58,1
2162,4482,1721,3029,46,1
2745,698,1853,118,94,1
1591,826,357,482,140,1
6183,348,1197,192,77,1
3930,3908,1240,2639,112,1
1312,307,1930,2638,108,0
9477,3416,455,2707,105,1
4311,2334,775,107,88,1
7314,4861,1632,382,32,1
2383,4820,628,783,96,0
3239,2809,1222,2438,189,1
2139,3558,831,244,78,0
1704,4478,485,2633,15,0
6924,3477,532,2917,43,0
362,4620,199,468,185,1
2604,2686,370,866,119,0
9908,2985,1013,2982,133,0
4286,275,1982,1562,107,0
3738,2547,852,1234,142,0
2469,2764,1471,604,3,0
4795,336,247,1661,55,0
6150,1973,787,3063,63,0
556,2979,263,1097,195,1
9017,4576,1081,2016,161,0
2808,3968,1325,1659,94,0
5150,910,30,3381,55,0
7561,1996,1521,3768,31,0
2719,3129,1272,3771,115,1
6506,4204,604,1734,8,0
3741,3757,1800,1614,190,1
9766,327,1294,860,104,1
3998,1799,1629,3258,199,1
2403,314,1689,1880,77,0
8780,3545,1417,1277,160,1
9739,1134,1820,13,86,1
294,2746,501,2347,20,0
5343,4876,1615,1100,54,0
9882,1520,1827,1075,75,1
1136,155,1107,787,184,1
2064,1724,1388,149,129,1
7009,3343,885,1755,140,0
4543,886,548,2170,125,1
1007,3073,1365,3283,131,0
5445,2805,838,1304,83,0
5352,721,1430,2586,177,0
9439,912,1448,3757,114,0
1435,3357,1767,1180,47,0
571,870,1116,3310,122,1
2382,4108,847,2424,77,1
9437,497,613,82,29,0
5084,1756,411,492,28,0
277,1117,431,2404,135,0
7059,3409,677,2026,139,1
1887,2828,158,925,40,1
1265,1647,13,1297,25,0
7491,2983,372,1604,49,0
1040,142,224,3116,1,1
9109,2761,1528,3053,54,0
8073,3435,1096,1597,103,0
9077,4660,1272,123,183,1
2752,2431,510,3421,13,1
8213,4512,602,708,133,1
4569,1848,215,2378,127,1
6353,2696,1996,3481,103,1
2353,1717,1625,991,94,0
7437,3072,1564,2371,80,0
4799,1067,1970,3183,60,0
686,2786,1840,2818,11,1
8476,3791,1962,2041,12,1
4811,1288,987,3161,146,0
8954,3871,1243,2481,171,0
5346,1806,839,710,88,1
5043,1504,726,794,94,0
2428,3308,1244,712,58,0
5126,2951,1412,3171,36,0
8220,71,553,2587,24,0
9098,1690,1670,2649,15,0
7813,1344,1065,3218,165,0
9645,3303,675,1718,170,1
3356,3113,872,257,86,0
8707,882,282,1213,141,1
7266,4234,1081,3312,133,0
6540,2662,1837,871,22,0
38,1504,833,2947,125,1
3342,2463,536,3575,59,1
9078,2553,1096,1732,139,0
2844,732,1908,809,140,0
1098,1748,922,2725,99,1
7027,3924,1152,3891,102,1
1823,423,1622,271,133,0
3155,3478,841,1544,62,1
3093,1591,1449,550,37,0
5658,4485,947,1138,127,0
3778,4437,664,3411,49,0
2896,4709,1717,568,179,0
988,492,1148,3034,39,0
4116,191,66,359,7,1
6446,498,5,1674,188,1
4179,4917,636,1638,7,0
1682,1256,313,1358,103,1
5626,1968,1349,1713,33,1
7424,4322,564,3241,187,0
933,2186,1601,1363,56,0
3598,816,825,798,173,0
1980,3220,505,1285,21,0
3056,1473,1105,887,86,1
8984,1086,1622,1759,39,1
791,4199,1025,1223,172,0
5390,1874,203,2259,182,0
6635,870,661,287,178,1
2255,4763,804,1716,85,0
3610,2042,403,1786,132,1
1607,272,1126,743,94,0
5179,1029,535,3544,12,0
6573,3218,1391,1506,27,0
984,4069,1235,2041,83,1
5776,1051,576,1047,61,0
3676,4033,1984,3632,92,0
3380,1573,1232,3181,86,0
8711,3190,762,296,23,1
8782,4388,1920,2054,97,0
1050,3797,116,2598,6,1
3633,3289,627,681,165,1
6342,3747,748,1892,36,0
959,2105,1501,795,67,0
6059,307,104,203,169,0
8884,3359,494,325,85,0
5655,3176,1794,2873,132,0
4473,1251,45,3857,191,0
2946,2747,822,2292,177,1
7725,1517,1354,327,86,1
526,1378,1239,987,14,0
3224,4891,981,3119,122,1
1875,4992,959,761,106,0
1763,1961,1515,3663,180,0
8712,4305,1836,3694,152,0
5797,2863,1945,1037,88,1
9208,2656,844,907,124,0
7099,2494,448,1404,112,0
5109,4567,535,365,136,1
6644,4005,510,3674,165,1
116,3563,1481,3414,149,0
2433,922,1570,3932,106,0
5463,4232,1559,3864,86,0
583,4462,539,1245,176,0
8586,2959,1507,2121,67,1
3788,183,1999,3818,14,0
4167,3358,15,3844,64,0
8465,1398,1594,1649,53,1
1389,2796,242,1070,157,0
8357,536,1973,3576,92,0
9759,1273,1230,274,19,0
6154,2967,911,3627,32,0
5420,3049,1294,2256,99,1
8920,1096,760,1953,76,1
2043,1305,1802,1885,134,1
4197,915,704,3687,135,1
3496,3081,1870,124,155,0
778,4247,1753,3082,172,1
213,1028,114,1353,106,1
3762,1977,1603,3259,119,0
9768,3354,1322,2591,73,1
6731,2511,1860,1692,10,0
3117,270,1506,2108,30,0
5791,1186,396,3833,11,0
8783,4555,393,2947,123,0
2720,4200,1098,2934,77,0
8905,3764,977,2830,178,0
9127,2398,1505,442,171,0
6047,4529,1126,1241,95,1
8032,4235,296,911,49,0
1,4182,1001,1026,116,1
6368,1711,177,1560,16,0
1949,2230,1238,1742,162,1
6732,128,966,2880,128,1
7833,1269,314,3056,156,1
917,3672,1062,1735,178,1
3174,1601,258,3428,63,0
7014,4765,1739,626,131,1
89,3970,6,3864,86,0
1709,4244,48,1691,155,1
3041,4947,1561,3237,15,0
105,627,160,998,62,0
9078,3797,1892,2782,75,0
8619,2044,175,91,180,0
1895,3552,1614,2215,84,1
6090,4979,1025,3007,108,1
8508,2341,1000,207,16,1
6082,3214,1918,3354,167,1
634,249,454,1089,140,0
1925,2925,1951,1912,179,1
2056,974,1667,516,57,1
6917,1325,275,1181,164,0
3144,983,497,3833,78,0
9631,888,1652,1793,60,1
552,2937,675,2795,112,1
8907,2117,1823,2354,120,1
5383,2672,1051,1902,33,0
3911,4970,1356,2006,69,0
9905,1326,1024,395,16,1
3389,470,1211,1098,19,0
9299,1987,55,187,58,0
8442,90,546,1598,68,1
2430,529,1135,3409,160,0
458,4756,1821,3748,101,1
207,4059,1333,1592,119,0
899,4834,35,2671,144,0
21,2773,438,730,56,1
8601,4967,1752,240,82,1
894,1686,1615,2581,128,0
514,191,1849,141,12,1
7294,1986,594,3337,154,0
4904,3623,1600,139,197,0
7867,2185,1348,2507,186,1
4109,4440,1663,70,5,1
7179,1008,306,385,96,1
1560,3783,1557,630,93,1
1266,4298,1751,2246,109,0
3638,4668,618,205,150,1
8941,4287,1132,1750,137,1
3427,2052,1395,568,50,1
4780,3308,356,3871,146,0
1927,1716,180,982,50,0
2356,310,1379,805,86,1
4790,4538,1699,1711,67,0
306,1260,67,2907,83,1
7979,4965,291,882,41,0
3665,3932,691,2036,56,0
7057,3268,180,974,195,0
661,584,1489,640,165,0
4644,2799,433,1455,61,1
8503,359,1487,3962,6,0
2920,2866,1704,325,111,1
9274,2011,913,442,198,1
8946,4939,1557,804,177,0
6236,4006,65,2336,179,0
6078,1625,1044,226,25,0
352,2764,1635,1088,153,1
9094,890,383,967,18,1
7005,731,1835,2986,8,0
158,3961,1638,560,60,0
956,4701,1582,714,19,1
2071,2504,38,498,105,0
8595,614,1308,2897,49,0
9579,3806,821,2974,80,0
3453,1719,601,3989,149,0
6675,4769,1620,2108,140,1
955,1587,784,3469,139,0
6295,1611,1359,257,9,0
1712,896,1211,577,64,1
4703,277,670,2287,157,1
6563,4647,1266,3873,7,1
9465,1636,1096,38,148,1
5631,2158,478,2073,21,1
9633,2432,1997,410,17,0
9989,3904,560,461,193,0
1394,4856,100,3643,175,0
9461,3262,513,3036,171,1
4732,1449,1779,1441,8,1
3714,4500,175,2405,194,0
529,1232,237,383,53,1
2958,4117,909,1833,25,1
7904,677,1082,3230,93,1
3591,2658,1888,569,99,0
6895,2028,1122,3505,25,0
9131,3758,1977,1072,33,0
525,4624,870,3400,7,0
6477,2037,1977,433,137,1
1,2649,494,3503,47,0
374,656,946,56,182,0
4648,165,1537,2625,106,0
2365,4944,754,2316,53,0
1525,4591,1320,2117,167,0
1646,589,210,1752,118,0
13,4524,1146,2048,142,0
4599,2821,1252,902,80,0
2278,4258,1617,1625,145,0
3155,1262,1679,3521,95,0
8321,71,1411,2841,101,0
3814,3516,139,257,150,1
3216,4750,540,672,61,1
8219,3580,1414,490,45,1
2113,268,269,2794,86,0
9444,1776,1782,3715,98,0
4356,2462,1035,2097,38,1
5543,1268,1890,1683,142,0
4555,1015,1412,316,52,0
7062,2722,1360,2461,191,0
3374,1083,505,434,190,0
6430,4101,1129,1026,79,0
3466,406,31,3913,15,0
3081,3076,1097,1976,103,1
629,985,1194,3217,69,0
269,3603,1872,1980,193,0
5724,4485,1092,1390,140,1
5897,709,812,420,107,0
3432,2618,361,1597,46,0
9472,4849,1672,3857,8,0
6276,1411,1456,1585,190,0
5895,4621,928,844,33,0
7115,1485,99,1468,156,0
6656,2950,1681,2964,164,1
575,4651,8,434,170,0
7029,2934,1597,2691,85,0
6099,4114,696,1579,114,1
9499,4670,1052,2105,63,0
3192,1003,1916,3634,151,0
3178,2466,1137,964,198,0
6052,2466,461,977,33,0
2734,1938,920,3250,175,1
6116,1939,1166,3365,11,0
3568,1635,389,46,150,0
9847,1698,631,1194,96,0
9771,4527,681,3343,120,0
2203,2091,156,417,140,1
1390,1895,334,848,86,1
1742,4240,1884,2187,101,0
1925,3398,259,247,95,1
619,1073,81,3220,172,1
1274,2402,753,230,113,1
956,4895,1464,792,192,0
1939,3212,1968,637,46,1
3953,4037,1195,3776,57,0
968,1151,1254,2422,132,0
9508,2445,719,3152,120,1
9235,1956,74,3678,117,0
281,4558,1293,738,4,1
6262,3907,1922,1089,187,0
1058,807,625,88,95,1
4293,186,61,3160,20,1
5178,4827,873,713,151,1
6980,4524,319,1750,127,1
9200,1307,101,1228,123,1
1229,2284,1452,1937,145,0
9227,4866,873,1406,20,0
4585,757,1745,601,53,0
8467,4231,953,1500,137,0
2740,4887,254,3645,151,0
2289,3854,1555,3855,103,0
1239,4266,569,3678,110,1
5370,2206,111,3891,115,0
125,3558,984,2587,187,1
7473,1580,1336,214,56,0
9400,961,997,2122,127,1
5342,3847,460,2109,150,1
7351,3575,707,698,149,0
6638,875,886,3615,195,0
6570,2418,1485,1243,161,0
3249,4198,1888,2060,119,0
9110,1001,1115,2862,69,1
7595,3384,1075,3487,155,0
6294,4066,1828,2080,94,0
6527,2845,519,1184,98,1
5757,1481,811,1001,166,1
1969,3301,1121,237,41,1
891,657,235,3811,150,1
4470,2780,1924,1205,69,0
7175,422,1397,3901,1,0
9556,3681,1604,2606,151,1
8320,4266,926,3413,144,0
9206,2710,556,1482,108,0
9991,452,648,1104,64,1
6812,2397,233,647,69,1
7519,1975,1055,3844,68,1
4612,1657,1312,3035,120,0
9710,2541,1661,2868,108,0
1198,3075,578,3831,59,0
5238,3164,541,473,177,1
6089,2966,113,3743,92,1
6257,2053,203,3787,11,0
7705,287,1052,112,102,0
3719,3217,642,3364,174,0
302,3854,473,1846,194,0
986,1447,696,1655,111,0
4440,607,252,383,64,0
4909,4552,1821,17,154,1
3072,1764,904,493,47,0
3124,1225,1945,3403,87,0
9519,1235,385,2974,61,0
8125,1029,61,3811,43,0
3291,2671,514,1897,146,1
4033,3962,429,1510,186,1
5105,4542,579,3478,135,0
703,4930,1560,117,54,0
8133,3177,1714,1579,107,1
574,3722,1164,880,46,1
5704,4906,742,2163,1,0
7848,1475,1323,1819,112,0
5208,2896,674,1573,166,0
6924,808,310,2862,172,0
3828,978,470,1649,159,1
3230,2463,1416,3619,192,0
488,725,1665,644,165,0
7114,2501,1468,1360,10,0
9539,3362,1781,336,137,0
3173,1216,808,2970,111,0
1667,4051,171,3961,186,0
9829,2197,575,3812,89,0
4114,2806,30,147,54,0
3553,778,46,122,147,0
7761,972,129,81,16,1
1000,2810,351,2733,67,0
9042,2123,977,3738,132,1
1388,598,1868,2710,187,0
5450,3341,1645,2423,150,0
3712,224,1604,3642,173,1
1367,840,57,2111,51,1
8189,1814,1129,504,137,1
9013,4809,811,668,173,0
454,1106,1353,2497,155,0
9816,124,767,3500,96,0
2772,3246,1847,2916,170,0
3726,2931,682,3499,153,0
7232,4125,1406,1445,182,0
4806,2971,1185,1346,47,0
2190,2017,996,3985,28,0
9108,2415,285,2728,26,0
2875,4590,1094,1190,145,0
5592,3096,1790,1621,103,1
1440,1609,1477,1981,59,0
8927,717,885,1673,105,0
6059,3561,1590,2509,68,0
7010,1016,1858,459,113,1
7117,3565,396,1213,20,0
9153,4701,1538,464,151,1
2989,4470,25,912,101,1
9218,1960,312,2427,130,0
6228,1048,125,1026,94,1
6471,1357,1431,3690,189,0
2863,3426,1588,2412,104,1
1177,115,1221,72,124,1
4760,2095,810,1451,1,0
11,1801,187,2686,65,0
5252,2146,697,1194,112,0
4399,1620,1840,3277,169,0
8234,4780,809,1849,161,1
9135,2950,715,2385,41,1
5445,3792,1507,2023,19,0
6570,2941,449,3544,96,1
9196,4905,522,2243,67,0
8212,977,1894,3742,172,0
406,3066,1377,1012,74,0
9206,783,985,653,124,1
4431,240,657,1299,169,0
5243,1553,596,7,46,1
6542,4578,99,905,4,1
6936,1012,615,3027,48,1
8906,186,947,2029,123,1
4146,1881,1581,2614,36,1
140,4586,555,616,161,0
4882,430,277,3926,197,0
6012,238,1716,1874,145,0
963,2345,1722,2621,18,0
7151,75,1649,2647,39,1
8564,1356,490,770,16,0
3610,4922,254,3250,187,0
9884,2330,380,2290,98,1
6894,4686,891,3275,92,1
7311,1902,541,1567,41,1
105,4013,1287,3873,122,0
5539,4670,1633,1486,106,1
9873,4987,824,3152,71,1
6787,2059,878,3595,64,0
2137,140,1352,1441,108,0
4445,1789,1138,766,52,0
3530,3626,1299,384,134,1
1286,16,1511,2439,132,0
7052,4348,280,2944,23,0
3654,464,1298,3871,27,0
7102,4471,772,688,61,0
2359,1827,842,1150,16,1
8105,3028,718,3566,19,1
8636,519,1919,47,2,0
6441,89,327,3790,164,0
5047,4815,210,3548,142,1
8227,2851,726,1973,50,0
5203,2843,922,2667,175,0
9667,4725,551,464,135,0
1798,1884,25,3859,140,0
9600,4171,26,1873,175,1
5291,925,701,123,2,0
5495,3734,1106,3546,192,1
9900,969,1919,2182,72,0
6284,1094,1969,1643,158,0
7285,3195,681,3889,104,0
1300,1404,412,841,117,0
6869,3364,166,1586,153,0
9435,4290,1723,2897,183,1
3097,3982,168,2655,33,1
4616,4323,1824,1804,136,1
9,4013,228,23,61,0
5752,4556,1632,566,119,0
9852,4713,366,1910,114,0
6295,3092,527,2814,12,0
4815,4159,790,965,68,1
1072,2074,1670,2283,168,1
3225,284,1561,996,76,0
1316,4933,1887,3131,0,0
5699,4926,523,1188,88,0
6807,1187,1095,1795,46,1
6674,3969,1668,826,3,0
3683,2965,105,216,190,0
7227,4319,731,3255,179,1
3273,783,1908,3641,9,1
7000,949,964,657,27,1
145,3939,1712,2983,120,1
5010,44,1305,1114,125,0
3040,1810,132,1988,133,0
9654,4566,533,311,154,1
9776,2081,974,557,139,0
482,3498,268,3020,61,0
3179,829,1435,2305,179,0
1249,1909,672,2581,175,0
630,2581,1642,1557,66,0
8853,691,790,52,173,1
2852,4019,1888,1362,73,1
987,931,1770,1195,94,0
7622,4936,17,3139,142,0
7327,3406,1777,1649,198,1
9738,147,116,2348,35,1
8841,1032,797,672,141,0
9160,1311,1817,778,111,0
1100,387,1167,832,130,0
6652,3121,1740,2280,112,0
8632,1873,550,3023,109,0
7421,3588,928,1861,113,0
5016,915,1689,3140,66,1
769,1878,1711,1530,125,0
1343,3748,1984,2076,85,0
4358,277,752,1973,18,1
9769,1977,421,3700,181,0
6780,1859,1921,1075,68,0
6602,3036,1392,1717,9,1
2349,3371,645,1284,160,0
5699,4713,557,591,140,1
1241,2182,49,2833,127,0
1125,4675,677,2668,98,1
9382,1170,105,1987,178,1
6764,489,1239,2634,31,0
5101,2525,657,3759,111,0
7843,1182,1946,1002,23,1
72,4479,1448,2232,34,1
5472,4258,1095,1047,82,0
5189,2488,987,3858,69,0
2472,1876,841,2177,167,0
707,2462,1808,2339,181,1
1804,1630,1782,1856,108,1
6704,287,445,501,171,1
3713,4282,1948,2234,189,0
5051,1907,1209,479,98,0
2475,1161,69,1595,195,0
3610,129,1997,2540,32,1
4255,2363,149,513,55,0
7397,143,1269,3715,163,1
1735,15,773,3139,181,0
9777,244,1561,3877,146,1
8258,926,1958,2515,170,0
7979,3178,1675,2333,11,1
2428,2176,1122,601,10,0
7426,886,1933,1441,69,1
8533,340,1301,1124,139,0
5249,2051,1586,189,40,0
5291,3398,1686,989,152,0
2817,3950,943,2938,105,1
9424,305,454,1882,2,0
3874,907,1127,388,2,1
9686,2654,945,2289,83,0
4211,3792,600,1806,155,1
661,4042,652,2034,150,1
3374,1371,724,1755,175,1
9208,320,232,2465,194,0
207,4654,1417,3990,169,1
2665,4059,1524,2224,106,1
2493,1131,1718,387,167,0
6813,2578,250,1495,133,0
632,4042,1544,853,19,0
3083,3367,78,3305,138,0
3719,817,1075,2711,95,0
7123,11,897,452,123,0
1679,194,920,2325,154,0
236,2537,780,3301,20,0
7446,2842,225,3243,113,1
4443,2229,1074,1759,12,1
6770,3009,1209,213,85,1
9732,4751,1057,3354,34,1
6099,2077,802,41,46,1
8555,3867,741,1146,155,1
2368,4873,130,3299,148,1
285,443,1022,2342,145,0
148,297,631,600,158,0
4037,4903,1466,3339,187,0
6549,844,837,2025,124,0
7121,1015,758,2589,109,1
9958,1384,1455,2031,36,1
4895,1397,703,1783,20,1
5280,553,496,1852,13,1
1012,2350,1426,2499,90,0
9715,4516,322,3521,59,0
2785,1269,1233,1780,123,0
3725,1260,614,3133,22,0
4576,184,328,3574,110,1
5782,4563,1395,3219,123,0
6257,2410,1483,3758,156,1
9793,4431,132,2838,174,0
2408,2209,834,2382,29,1
340,3672,650,1905,114,1
2817,4683,120,2939,89,0
2496,1881,605,3214,37,0
5962,4296,1475,2092,82,1
5299,521,964,144,26,0
9917,1887,128,3937,103,0
7574,2552,1114,333,115,1
1689,3809,1627,998,14,1
3267,4883,1598,3569,186,1
4406,4155,28,1420,2,0
8453,4673,721,55,9,1
1442,4416,1547,1331,119,0
8597,3479,332,2918,144,0
4437,1409,1320,1447,127,0
5435,1694,1153,1441,10,0
8435,4664,1316,3745,175,0
4107,526,1196,2845,132,0
560,2660,1743,2373,68,0
8785,2172,943,1734,63,1
5548,4966,1047,1695,13,0
1826,279,1122,80,49,0
7629,2964,1429,3103,153,1
8325,3977,355,985,71,0
3138,2669,138,3184,68,0
7693,2893,1526,2606,134,0
8264,1751,1849,865,126,1
7842,3981,1197,2765,15,0
6721,4769,28,1588,182,1
7002,2361,930,3722,77,0
4225,4427,495,472,100,1
2978,4131,1013,2122,55,1
7373,1708,654,1577,104,1
5907,2686,827,1503,131,1
6097,2895,350,589,47,0
5656,4535,553,1411,16,1
8984,2776,298,3771,110,0
4259,1119,1743,1906,163,0
8286,2988,1865,564,69,0
5901,4259,1968,3505,79,0
9325,4243,1215,3484,92,0
4917,194,1695,467,37,1
8429,662,63,599,100,1
2530,479,754,1645,61,0
1960,4218,769,992,120,0
7045,1423,1687,1933,47,1
1048,2708,1238,2785,9,0
5772,3175,833,3042,35,1
2529,3814,165,2296,156,1
2964,2014,1566,1605,3,0
7137,3789,1906,3192,43,1
963,4805,1255,67,55,1
536,2443,1817,2621,41,0
7340,911,1564,3399,113,0
7179,3213,1218,3992,140,0
7967,2364,505,2751,173,0
8734,3629,1357,470,160,0
845,3472,1791,2541,20,0
5777,680,792,1725,78,1
3036,4651,1327,2711,184,0
5947,609,832,2334,68,0
2494,2156,1460,3986,69,0
2719,3866,1346,1632,66,0
1884,371,1525,2360,47,0
4349,615,857,2357,160,1
5179,2253,1937,775,35,1
6610,4942,1416,3169,160,0
6430,4138,805,3013,158,0
7154,864,1622,1137,148,0
6488,1268,1172,2012,26,0
4737,784,760,3709,71,1
6525,4571,832,2504,100,0
3850,4178,1428,1487,189,0
689,2237,282,132,95,0
5175,4054,1385,930,127,1
8648,4895,378,3013,25,1
5078,935,197,929,65,1
5448,3980,1014,2169,139,0
1179,2338,1023,1221,21,0
9074,325,555,3878,16,1
6406,1534,355,1506,6,0
8591,3480,1563,634,106,0
6907,3861,1452,3866,67,1
8800,1985,1040,2945,127,0
1638,4932,638,2820,36,0
5671,4603,378,1063,37,0
6928,2778,679,2614,95,0
1382,1270,505,2560,138,1
1403,640,1779,3546,0,1
9011,4703,898,1185,152,0
3292,4078,75,289,41,0
9011,4661,230,2248,179,0
419,1367,1739,1812,151,0
4517,4042,961,528,180,0
3302,2575,1271,917,183,0
7857,3603,301,1709,62,1
9700,1581,725,3575,80,1
7870,1986,214,3320,7,1
5693,2240,1181,1407,186,1
767,3966,68,1242,172,0
2044,2105,392,1111,26,0
1549,128,1108,3154,51,1
9956,4801,266,3134,145,0
6140,3996,1092,799,90,1
3716,851,610,1524,85,0
4481,4103,1370,3114,15,0
7898,2076,1008,12,65,0
6548,2994,961,833,4,0
2293,3744,727,3818,81,1
4837,2756,1950,2889,130,0
7758,1644,672,2691,117,0
6793,4371,422,3187,80,1
7638,3144,1629,1242,69,0
7993,242,1197,1673,114,0
6007,4085,1700,2154,6,0
5542,170,114,691,49,0
9092,652,219,528,141,1
6356,3512,1979,1496,165,0
8433,1499,30,3826,110,1
7380,2099,1546,2894,46,0
2385,2158,1366,893,111,0
4268,1972,1400,387,160,1
671,3925,1153,1250,42,0
163,2258,616,2529,90,1
8656,4039,538,1778,28,1
4592,2035,738,408,127,1
4795,3271,1025,3529,184,0
4798,857,870,1677,132,0
6036,3823,100,898,95,1
2355,1049,1556,711,187,0
5887,3990,1081,3696,116,1
7961,298,1412,2687,69,1
5827,923,691,3093,129,0
8737,4232,940,1683,69,0
4719,4306,340,3673,109,0
593,2799,860,2863,170,1
4839,4875,1043,918,131,1
7394,4062,1278,2251,55,1
9651,4045,1340,417,186,0
3493,1802,37,416,88,0
6164,2713,659,1472,136,1
2672,4506,1560,1536,130,1
4200,2853,1409,85,175,0
16,2657,1656,167,170,1
3191,4522,927,2432,99,0
392,3346,1049,2516,128,0
8616,1471,453,1096,56,1
6272,2949,1704,810,180,1
571,941,1346,3045,143,0
3631,1907,736,1545,50,0
6172,4837,1536,1817,111,0
9312,1243,818,2521,103,1
7177,4423,772,993,126,1
8433,1466,12,1282,54,1
3897,3957,914,275,0,1
8123,1966,1931,1774,89,1
2279,375,1583,3092,155,0
8980,262,920,3562,52,1
7451,4362,824,3817,185,1
8906,3388,370,2538,72,0
775,3395,1314,1757,187,0
6869,1944,331,2374,186,0
2247,1893,1629,2577,107,1
7088,3634,260,892,149,0
78,1652,1813,89,7,1
8080,4141,1894,2534,176,0
7099,3892,1228,708,41,0
3926,599,696,2398,154,1
9047,4815,686,3156,166,0
7340,1912,949,387,24,1
7083,1292,386,2135,37,0
6230,600,1915,2355,84,1
9223,380,820,1874,151,1
4940,4213,467,1178,23,0
3271,3637,1438,440,59,0
3456,2163,68,2788,177,0
7788,4355,1495,2312,110,0
8599,1098,1127,977,65,0
7650,365,1781,735,141,1
2711,2570,1184,2469,52,0
1668,3419,199,2541,159,1
147,2476,215,633,105,0
6420,790,1969,993,95,0
365,3569,211,2459,175,1
9866,746,507,173,38,0
4531,312,15,4,167,1
5330,4633,1521,2902,41,0
5510,920,883,1664,110,0
8754,1077,331,3034,103,0
8964,2829,716,2016,76,0
6493,2381,1900,1496,7,1
5439,3618,550,3182,25,1
9765,797,1624,3939,139,0
6511,4443,941,1061,42,0
7504,272,255,2631,178,1
1246,3010,991,3873,109,1
3839,4815,1789,1055,99,0
8551,1773,727,381,62,1
2376,2547,879,1292,48,1
3009,3164,814,3083,114,1
9154,4780,1195,2392,154,1
1827,4717,648,3912,136,1
6979,946,999,3616,166,1
9805,2665,1521,1593,64,1
9832,506,470,166,198,0
8569,243,1407,2748,70,1
4285,505,689,2390,6,0
6910,4517,1612,3554,199,0
8561,3158,699,1043,79,0
2196,3590,506,1652,66,0
3747,1872,991,3028,137,1
8843,3793,1009,1208,198,0
5978,1192,1550,3854,180,0
5607,4425,803,545,100,0
769,4745,830,3082,94,0
780,1464,1348,3664,86,0
9908,390,213,2240,184,0
6303,4476,1231,2368,90,0
3983,3377,168,3774,102,0
9503,4837,1353,2628,125,0
8714,4915,1303,2523,154,1
521,672,977,3932,181,0
9127,2560,1328,2685,112,1
7569,1211,145,2475,3,1
5784,929,1798,3920,87,0
4583,1539,515,3131,150,0
5946,912,1113,3508,175,1
4941,643,452,97,169,1
6267,4522,59,2544,2,0
7128,501,1334,3859,90,0
2461,729,527,2709,2,1
685,1283,1250,1302,155,0
2160,2118,1023,3337,190,1
7031,4552,473,2057,80,0
9759,4386,1564,457,158,1
5341,3836,1686,1819,137,0
38,919,756,273,176,1
4875,4050,781,2988,93,1
1256,2339,1102,3885,125,1
7697,755,432,1032,112,0
2196,1869,1824,208,148,0
7165,4472,1176,1938,99,1
301,507,1812,1661,52,0
7527,1436,400,1147,86,0
6381,2575,1302,1057,88,0
646,3426,56,1537,53,0
9951,558,1002,204,184,1
8789,3102,185,2566,19,1
8853,4516,397,1833,112,0
4330,3622,604,2565,48,0
9560,4399,787,443,134,1
7003,4057,157,3664,28,0
3537,3715,1810,3858,47,0
4558,1301,1716,689,12,0
6579,2155,1382,2898,2,0
8474,692,1463,833,1,1
9678,4350,588,2387,15,0
4082,1478,465,1462,93,0
4183,256,1686,3517,101,0
8652,2430,445,1160,133,0
3754,441,1773,387,44,1
1724,1881,800,2042,70,0
1376,2646,1766,3097,132,0
8706,3820,1511,2554,55,0
8894,4677,1553,1349,198,0
1653,1735,1096,1719,126,0
2066,3735,928,680,31,0
22,2645,1951,3410,48,0
2460,18,1724,690,12,0
5926,1124,1973,2933,157,1
6251,3985,16,3167,24,1
9496,2654,1554,1569,59,0
7295,2080,730,2671,58,0
3300,1547,325,1170,155,1
6279,861,994,893,57,1
8553,154,1655,953,19,1
7353,3494,612,1255,161,1
3727,904,545,784,132,1
6272,1269,595,2047,187,0
5995,404,920,1872,170,0
9476,843,1731,495,56,0
514,1782,841,3110,184,1
448,1564,1225,3497,53,0
6019,1184,343,3719,111,0
5343,746,1876,3918,172,0
8033,1725,1546,747,85,0
2520,3188,858,2485,36,0
3081,270,1423,1855,83,1
1428,4865,1241,3440,47,0
3967,3956,444,2393,117,0
6445,171,1788,3232,181,0
9114,273,221,2598,47,1
2159,2306,1406,3734,111,0
5132,1158,1904,3984,109,0
2547,1706,591,2868,5,1
2979,1771,1030,2589,161,0
2649,421,1295,2192,190,1
8505,1209,1762,2636,77,1
3083,4675,1017,657,175,1
1037,890,15,3813,22,0
3489,4817,1447,3648,125,0
7604,3267,523,1883,83,1
7544,4976,802,2393,12,0
2634,1473,1776,3341,46,1
3983,3243,20,3912,43,0
1778,4478,1713,2744,104,1
7902,2181,1962,1797,159,0
5110,1449,227,268,153,0
5189,3096,1007,2217,180,1
7378,3256,1808,3843,13,0
1124,3156,1311,1763,179,1
697,1590,808,2081,120,0
2179,4239,1157,377,35,1
9596,3981,1306,3286,7,0
5251,1435,403,1586,167,0
9235,223,1688,1464,149,0
1929,219,1089,3564,15,1
1013,4274,1672,2441,90,1
226,1654,1627,489,119,0
7321,4528,436,722,187,0
1828,264,828,946,59,0
7909,953,933,3101,9,0
5588,4524,258,2087,152,1
2023,3733,1989,3931,30,1
4966,2774,102,1636,20,1
5891,3124,992,3245,80,0
1080,479,1590,1041,32,1
5036,3514,768,3128,30,1
2563,1353,1124,2274,148,0
3292,3322,1221,3630,35,1
3586,3878,812,2115,192,0
4431,889,225,3269,131,1
6841,3854,942,1678,67,0
6643,924,462,2883,89,0
3959,2170,236,3095,131,0
161,1902,1049,999,8,1
593,4873,1144,3678,29,0
3390,2395,1933,1778,114,0
5997,28,505,2285,44,1
6354,34,1205,957,3,0
663,3589,1734,2967,68,0
9324,2670,813,3995,22,0
541,3365,766,1590,15,0
5433,588,633,1162,21,0
5093,3218,1566,2521,71,1
867,3138,1338,1869,47,1
8623,903,990,3856,189,1
5469,4086,1820,553,187,1
6256,2169,617,1634,106,1
9398,339,1759,695,132,0
1169,4270,272,3712,6,0
830,1714,1933,3301,50,0
1651,4692,231,317,64,1
1136,4546,1443,2646,8,0
2810,556,767,768,81,1
8667,3087,1465,3793,44,1
9518,3266,495,3799,121,0
1019,3567,1047,2934,174,0
5237,2056,1132,3684,194,0
1283,3899,1726,2609,151,0
659,1016,501,3273,9,1
2010,2062,1882,1972,72,0
8590,838,24,2306,47,0
1733,1637,1210,1504,162,0
2125,4321,287,3960,181,1
2171,3496,1651,3250,86,0
8266,1813,337,2805,110,1
3471,3479,1901,123,198,1
9028,1451,1937,2390,15,0
5624,2313,1060,3243,52,1
8691,1514,1817,1869,39,1
8329,1231,136,1672,99,0
2097,1645,507,1083,19,0
5068,2999,226,1729,68,1
6397,3440,319,3537,44,0
2757,4056,1863,3852,5,1
3920,305,915,2308,196,1
8186,3536,1205,3445,176,1
1900,1723,1897,1997,38,1
2610,1689,85,2143,101,0
6900,1517,1490,1149,129,0
1449,3917,925,2089,106,1
8738,419,52,1915,38,0
5017,2936,859,254,117,0
7999,3862,866,7,148,0
6052,4229,1258,3543,167,0
2096,1450,1982,2776,81,1
8895,3096,1802,3583,53,0
6404,3261,1822,3653,109,1
9817,1164,432,2117,11,1
3331,1869,1519,3153,164,0
7462,1819,998,542,109,0
5105,2705,99,3657,37,1
2978,3515,989,3334,142,1
2839,1342,598,89,6,1
3384,2226,402,1939,77,0
685,1079,395,3280,177,1
7531,4206,1550,213,64,0
4283,4563,414,2882,101,0
7736,2779,938,266,194,1
7710,2528,1636,2960,100,0
1619,813,676,2341,43,0
6868,2031,462,1231,30,1
1431,322,540,2381,170,0
9067,2969,1649,3149,76,0
4713,903,1642,3360,47,0
9557,1541,1945,1005,81,1
9435,3503,1387,2095,126,1
4998,2653,1153,622,188,0
162,2476,83,3272,83,0
1974,3340,270,427,9,1
3291,4243,243,210,28,0
8461,1141,387,888,47,0
631,849,213,1444,189,0
905,366,817,154,115,0
2014,2897,1189,3594,12,1
9833,1089,1814,415,171,0
7896,4041,58,3425,46,0
204,2038,1625,1181,102,1
581,2860,882,1285,191,0
5675,4270,842,3149,90,1
9032,1854,923,769,52,0
5347,4683,1527,983,91,1
9911,494,1729,1512,76,1
2643,3182,122,3203,43,0
8017,1784,1671,579,155,0
2297,3510,1436,3527,1,0
874,3786,1162,2788,100,0
5560,4130,1252,2211,56,0
689,998,1297,1039,56,1
4000,4469,438,3304,33,0
9614,1451,1021,2243,57,1
671,1751,561,3933,179,1
7927,2280,1933,542,156,0
1171,4800,117,359,34,0
5591,4658,1737,850,74,0
9135,2934,904,3403,175,0
6342,3734,1506,427,32,1
1449,3346,394,2545,114,0
2539,1873,1726,2876,74,1
3959,4534,875,486,72,1
6285,3803,1483,1832,77,1
5432,1979,1858,1473,8,0
4260,698,1716,1437,47,0
2361,1312,934,330,66,0
6164,2962,1101,1756,163,1
3670,2938,951,2937,198,0
1753,4787,1435,3039,118,0
8100,2300,74,1171,171,1
1938,3197,294,259,187,0
8562,126,1816,2340,190,0
5976,1191,20,3883,132,1
6588,2639,1929,143,118,0
8616,4389,1194,2017,85,1
6304,3916,1038,2795,105,0
7345,1366,1234,627,75,0
7875,1019,559,1389,39,0
9086,4079,1109,90,18,1
6633,4514,1172,720,46,0
597,4539,1723,3236,64,0
3062,684,371,481,194,1
2336,3629,1503,2132,145,1
9879,2887,817,1101,177,1
572,1462,1174,673,29,0
7521,4086,1164,517,125,1
6171,2261,1092,2533,65,1
7097,4180,1283,1614,4,1
2090,2841,845,3675,92,0
6566,1767,1991,3671,96,1
4624,4180,520,782,169,1
1633,3560,1656,2152,93,0
1517,2112,370,3524,105,0
3648,4758,1442,3559,132,0
1537,626,100,2036,177,0
3137,4159,660,2387,84,1
6985,3414,1977,687,57,0
97,1375,1681,1590,78,0
3750,1181,1888,900,7,1
8535,490,967,1502,158,0
8174,3729,242,3795,11,1
8103,3534,752,2655,148,0
5413,3296,511,223,93,0
4666,1940,848,3081,189,1
610,4408,554,1077,90,0
1727,1882,1118,1101,32,1
1854,4908,225,1742,153,1
5055,2987,1541,503,99,0
2324,3159,213,1340,167,1
9369,4775,717,3886,192,0
9283,4530,66,2870,186,0
5774,681,395,3914,14,1
6519,1073,611,624,113,1
1749,2387,1035,1887,128,1
781,2394,1260,2213,10,0
7548,2693,1857,3351,54,1
6823,1370,769,1051,1,0
2105,4744,1422,1094,64,0
3867,4340,406,3290,171,0
7193,2156,924,1986,15,0
4976,2580,1872,1389,149,0
2113,4391,1503,3773,105,0
5879,2159,646,3917,145,0
3970,3248,221,1330,174,0
9259,3731,1179,1148,29,0
7264,3829,653,19,9,1
1577,1627,427,1281,185,0
9203,3472,1181,3368,61,0
2274,27,976,1046,84,0
4869,1985,1439,3952,133,0
6744,4153,1005,989,66,1
2426,1521,1349,2498,40,0
5546,296,370,2600,170,0
6852,2181,1367,1574,17,0
2551,3402,1285,1072,57,1
6411,2296,1306,2743,59,0
7,2597,849,2635,87,0
8087,901,855,2769,26,0
2555,1098,228,1207,67,1
475,1677,1911,1459,21,1
5416,2881,279,2155,151,0
8676,4866,1893,1212,39,1
7239,1378,1313,776,108,0
6710,1248,1703,3158,73,1
5000,3735,1070,1860,65,1
4654,4241,974,1867,167,0
8078,1264,1738,3528,5,0
6063,1907,1237,1161,111,0
2285,1058,757,1882,17,0
5223,2749,1047,2946,80,1
6971,2048,320,2384,101,0
3525,4248,273,2655,109,1
2822,2476,555,2886,29,0
4943,4016,843,1781,121,0
6530,4603,1336,3541,148,1
258,3197,1386,602,61,0
282,4586,667,1595,137,1
1898,3553,999,2451,119,0
4135,4440,379,540,106,0
6629,1761,710,1096,140,1
3200,220,1942,1806,75,1
5110,4818,1697,24,8,1
7167,4623,1930,624,195,1
612,2888,1493,1836,38,0
687,1664,745,3557,23,0
3690,3986,674,1080,124,0
8804,4576,115,986,117,0
2307,2977,604,223,33,0
7133,1871,1065,3704,60,1
6509,1462,1819,179,168,1
9973,344,378,2848,132,0
5906,44,1745,2482,78,0
2591,2068,1229,1961,49,1
7183,1514,465,1474,131,0
5248,2598,1755,793,50,1
8766,1001,279,884,51,0
5108,1033,1671,2540,121,0
3604,2040,617,1213,166,1
669,273,117,1602,7,1
4364,2647,1260,810,112,1
7329,1779,308,961,44,0
1283,4476,1479,420,87,0
923,478,1923,3321,27,0
1125,515,1498,3660,118,1
1529,4286,99,2697,106,0
9786,1191,260,1188,26,0
8438,2668,992,3817,192,0
3711,1411,1328,1279,161,0
8004,3280,1377,2524,80,0
9752,271,285,3878,100,0
6274,142,327,1441,61,0
3864,3332,1126,2218,61,0
7833,787,62,1341,165,0
6788,1681,686,2222,25,1
226,622,1305,2518,120,1
264,3841,1464,2393,23,1
9587,3676,1316,2493,38,1
645,2572,737,1042,123,1
7544,3260,1030,1094,20,0
5569,4712,638,1362,93,0
2990,66,935,2676,174,1
2504,4286,1115,592,114,1
9346,4616,1958,527,175,0
587,1140,1213,3760,120,0
9177,2314,1894,2504,12,1
4079,2532,475,1293,130,1
3348,3580,1534,1655,159,1
6299,1187,1485,811,162,0
3831,4471,52,188,18,0
9433,4748,753,3069,141,0
8381,3339,485,1593,175,0
9172,548,1667,2759,80,0
9890,4087,1513,529,122,0
1715,72,1387,434,67,0
6450,198,1135,2336,172,1
5433,3201,408,1942,18,1
1098,1781,1030,3639,63,0
7096,571,1765,2547,100,1
2326,790,667,3513,65,1
9087,1638,1220,1805,65,1
6416,1831,834,303,74,1
6980,1855,875,87,44,0
6763,1174,1758,2878,86,0
1674,3740,366,438,66,0
7950,3277,1001,2589,196,0
9122,178,249,1046,2,0
8915,2244,1939,833,165,0
6049,4086,1618,797,169,0
1089,734,1263,560,167,1
4578,798,379,3589,177,1
9127,787,1930,762,162,0
155,2795,871,1699,23,0
9262,4304,834,3575,87,0
1958,4588,1494,3786,16,1
6344,3084,774,2515,39,0
5779,2918,918,1125,193,0
6144,731,1724,3655,171,1
5063,1129,454,2723,150,1
3830,3446,365,685,5,0
9046,1605,1313,1165,193,0
8831,3778,1897,138,148,0
9794,2745,402,578,118,0
6659,3170,57,710,119,1
441,4689,520,3912,34,0
6040,2933,1327,228,112,1
5925,1215,1138,2329,28,1
7358,324,209,2732,6,1
4628,1850,1064,828,52,1
6370,1490,815,431,164,0
9528,893,172,1064,22,1
948,1390,233,3591,96,0
8179,3389,792,1710,135,0
6115,4239,1907,1687,75,0
459,4479,1613,1235,175,0
7568,2263,1643,302,9,0
4646,3432,792,1110,116,0
392,2371,1426,1421,23,0
1787,3086,1062,3325,174,0
7374,4312,118,533,180,0
1138,1515,334,769,38,0
4741,2917,1359,3963,194,1
7418,2352,1562,1939,65,1
6362,1167,1639,1405,5,1
2454,110,1097,444,20,1
9658,4327,1214,3105,72,0
3674,3655,323,260,73,1
1377,3793,1010,3306,35,0
6701,1755,1170,1539,130,1
2597,1577,1790,3931,169,1
141,1296,283,1332,172,0
2659,3774,212,2787,43,1
4596,2220,1658,2844,90,1
9031,972,1741,70,160,0
5661,1030,928,1478,59,1
6142,2593,751,1463,92,0
5626,3992,1417,1849,82,1
8787,4613,338,3436,197,1
8472,913,1821,3031,82,0
423,2181,1045,3838,76,0
6999,3197,1794,481,25,0
4249,1462,1892,1168,20,0
1750,2378,104,2072,119,1
4757,3454,1489,3013,129,0
1967,3553,1482,3497,174,0
4088,1307,1455,2794,107,1
4178,4994,769,2893,157,0
7789,1189,715,1199,26,0
2946,687,1845,3916,70,0
9641,4661,1797,2373,147,1
5394,1207,1642,1893,49,0
7880,1894,762,1695,94,1
5075,4922,1959,1884,22,1
7230,1811,1244,1372,140,1
1531,3183,378,798,80,0
2990,3797,1245,18,131,0
7155,1644,1281,44,141,0
4493,3968,712,155,19,0
9335,2716,1390,867,123,0
933,190,1793,2970,12,1
1460,1335,1372,3449,2,1
2723,4803,224,743,174,0
285,3106,1737,3955,130,0
264,378,737,1852,128,0
6816,4482,235,1426,89,1
1762,3829,182,225,151,0
40,615,711,217,34,0
5827,2330,1892,3640,13,0
8259,1754,1781,31,194,0
987,463,443,1893,140,1
7804,966,1888,1083,174,0
7789,4267,622,1916,49,0
5717,3158,1029,898,77,0
3198,3624,1259,3425,153,1
5374,4938,1150,2983,2,1
4790,689,1127,445,178,0
7183,2622,748,1259,39,1
2524,2212,1938,1131,195,0
9277,382,1503,1215,163,0
2479,2256,154,2016,50,1
9885,3810,256,2578,0,0
5154,3503,234,1937,103,0
778,1412,499,738,160,0
9777,1583,288,1703,134,0
1492,371,509,3655,116,0
660,610,1575,874,115,0
1348,115,1823,566,51,1
9491,446,708,3317,119,1
7851,1391,784,2019,138,1
7156,3324,893,1886,154,1
2044,1340,775,2124,141,1
7368,4510,1592,547,85,0
3516,2939,297,2315,45,0
9250,3699,1633,317,75,1
9168,1073,136,3884,9,1
4577,4813,375,3193,151,0
727,3569,86,1860,60,0
7468,3150,1442,25,17,0
342,1605,1777,3504,85,0
1447,4657,1222,160,136,0
6581,2294,1486,2644,144,0
6317,3662,436,1138,127,0
526,4482,1333,3807,103,1
6748,4797,1619,900,185,0
405,983,1777,2550,140,0
7986,351,1304,1190,177,1
9765,1724,1346,3061,100,1
3740,1951,763,703,5,1
1846,1279,701,3247,84,1
1478,1907,1974,1,50,0
771,4848,941,1923,35,1
5525,1024,151,2789,70,1
8770,545,1325,3158,99,0
193,4174,1301,3646,24,0
2007,2381,1674,2368,138,0
1185,888,1711,1425,43,0
2394,1105,1031,382,13,1
9984,2549,806,1742,28,0
9302,1990,234,3689,73,0
4005,3998,674,3390,49,1
7429,3775,560,1827,4,1
2261,2812,1325,1274,199,0
3736,920,37,1549,109,1
6716,4645,1159,3747,196,0
4875,2061,821,1579,121,1
8921,4487,420,898,87,0
4378,3639,1242,3695,56,1
7815,3165,347,717,25,1
3451,4435,1831,3968,5,0
7616,2644,1569,3328,143,1
9836,4852,1887,2355,59,0
2800,1045,1102,3216,99,0
8333,3556,747,3730,11,0
5410,2681,1918,391,74,0
1455,3199,272,3885,2,0
6892,938,1184,1700,62,1
5808,4943,1710,3241,191,1
6796,441,1901,3038,189,0
4796,2550,307,2346,133,1
5093,4225,1397,233,18,0
1325,596,975,1927,17,0
4976,1505,732,2319,79,0
9405,861,1032,3132,170,1
1159,2640,1824,1320,72,1
4650,3731,443,3539,130,1
4987,1551,1136,3307,125,0
4697,3236,1228,2725,71,1
340,1736,404,706,37,1
3828,1449,1721,234,67,1
1968,264,852,1392,171,0
703,2659,1220,3767,79,0
5482,2721,777,2893,190,0
6376,1462,1797,1256,41,1
1800,4252,1783,1897,63,1
5463,1445,114,2539,181,1
4912,2298,1144,3691,77,0
4648,2925,1676,2551,126,1
855,1632,64,890,104,1
2866,2374,1299,3807,198,0
182,4990,824,592,75,1
3112,512,238,746,164,0
5670,215,301,3453,131,0
4492,3331,1415,1720,129,1
5823,2172,1545,428,121,1
1517,3153,968,2745,43,1
5002,1706,368,2694,194,0
1356,2106,232,732,195,0
3629,1567,194,800,101,1
3628,2208,906,2412,61,1
8210,2331,1035,202,0,0
6132,2153,1929,2930,16,0
9324,1128,920,2194,15,1
6588,3510,688,836,8,0
3311,4323,176,2687,180,0
6048,3653,216,3529,58,0
6246,2365,1034,135,118,1
987,4897,1469,2674,136,1
3321,2921,629,1288,139,1
4615,4567,163,2112,118,0
8365,1079,1574,2539,40,1
3741,3511,52,3719,142,0
3052,2741,217,41,65,0
6574,3020,1741,3368,74,0
726,228,998,3075,10,0
3760,170,823,913,7,1
5806,294,1383,1730,182,0
1875,4284,384,975,133,1
6993,425,55,1134,180,1
4033,918,117,3293,147,0
5443,3253,899,3442,166,0
989,498,1276,2416,98,0
3744,2809,797,1460,71,1
8611,4961,779,2966,112,0
593,825,1015,3076,106,0
1774,3779,802,2041,33,0
935,1858,844,244,56,0
3808,2118,1203,2950,116,1
331,145,1438,166,119,0
7922,4565,1893,1050,146,0
2702,3577,1258,3467,70,0
5889,192,854,1498,158,1
5054,3888,707,3089,39,0
3868,51,1843,728,141,0
4200,2410,1103,1116,102,1
201,1820,1670,483,123,0
2497,2964,21,2591,122,1
1842,2521,1500,3277,99,1
9101,1869,842,3574,164,1
4658,2568,1463,2979,171,0
7544,1867,1760,2448,136,0
7718,2738,1593,1231,57,1
770,3269,1116,2667,147,0
3155,3199,191,3218,108,1
1628,2579,1018,2927,120,0
386,4005,1126,2149,91,0
6031,4935,395,880,49,1
6439,240,1030,830,147,1
6401,3440,639,3952,104,0
4008,4631,1018,3313,163,1
2466,1407,566,2025,116,0
2282,3502,230,3995,26,0
1856,4038,873,759,199,0
7980,82,573,163,31,0
1998,3768,239,3956,0,0
5476,950,89,1197,16,0
9428,610,231,2550,136,0
4669,4669,456,2595,83,0
9342,3605,232,1308,44,1
4318,4554,353,3431,65,0
7064,3283,1004,2429,31,0
7446,2173,1356,2918,44,0
1431,3484,438,2953,8,1
5624,1522,1398,1996,29,0
7461,2601,1315,1935,83,0
1819,2657,344,1557,165,0
1130,2159,663,3892,59,0
6563,2449,1451,3235,0,1
2658,3830,656,3050,4,0
3500,121,129,2657,62,0
8566,4368,140,307,163,1
2120,1317,414,1363,64,0
4020,4493,1116,2103,77,1
3259,2518,625,3031,151,1
1823,1230,283,333,131,0
1474,1133,1979,2175,113,0
2242,1301,1946,2753,195,0
3243,4034,1678,243,24,1
6990,1910,222,1885,134,0
5160,1505,743,2648,140,1
3134,3185,462,3920,195,1
2070,1916,1568,1433,42,0
359,4915,1299,2551,56,1
1141,3548,1705,3799,163,0
1635,2757,1163,2652,141,0
4000,1956,356,303,71,0
3361,178,1736,3536,26,0
6583,896,1046,235,127,0
7835,1551,1991,3768,105,0
6,491,1759,3110,164,0
3267,60,1903,2187,70,0
6564,1077,1293,195,152,1
9783,2895,858,1551,66,1
4928,4160,664,1793,89,1
2606,3683,1356,647,3,0
5906,585,1014,2049,105,1
3273,3960,84,561,78,0
7611,3770,620,1120,95,0
913,534,1054,713,92,1
2011,3462,1764,413,73,0
1442,4011,239,538,125,0
5546,3398,1913,1879,15,1
1829,2155,362,2477,146,1
8767,1004,821,235,156,1
6468,2499,1412,2397,115,0
929,326,1676,1780,178,0
3699,4703,667,1894,17,0
9655,2706,1322,1505,185,1
1054,1,1880,1863,171,0
5744,1033,1394,2444,15,1
1900,2481,98,1375,192,0
9649,124,46,416,129,1
6980,1104,838,1910,55,0
7069,2699,421,916,78,1
9591,1861,1503,3959,102,0
3415,2920,1602,3123,27,0
442,128,61,81,192,0
6218,437,1132,2084,4,1
4652,4846,1702,1091,105,1
7939,2548,1572,2689,21,0
7833,3129,1142,2930,116,1
9370,1221,1009,1691,99,1
7597,901,597,757,12,1
4458,3168,1405,2671,64,1
6591,4486,391,3752,143,0
9449,3918,976,3553,85,1
2309,1067,1075,468,63,0
6268,26,602,1166,31,0
910,547,1312,2404,79,0
4340,2668,336,2757,50,0
4009,566,809,1495,78,0
6628,703,1227,1645,185,0
2169,4280,1903,1020,173,1
2172,3140,1261,3960,179,1
5668,1590,1405,1615,105,0
6313,4943,1690,902,62,1
8315,4694,751,673,75,1
8036,805,1159,439,59,0
6789,3791,1430,2579,64,1
785,1357,1531,127,116,1
6139,3225,1385,2253,80,1
6344,3618,1404,2077,104,1
2416,2126,880,445,127,1
8988,2460,1599,966,182,1
4154,545,634,3791,184,0
5619,2728,253,464,70,0
1936,3734,1500,3352,85,0
3807,2562,1137,2199,153,0
7151,2079,19,2288,139,1
9493,2641,527,2314,70,1
3236,3114,1168,3766,45,1
2352,1926,1231,3177,46,1
1932,616,1554,3505,78,1
8556,3644,375,913,165,1
4916,1203,1527,497,148,1
5498,1759,1927,1464,141,0
946,2565,165,1772,129,0
9569,3174,1573,2733,199,1
1439,3081,1204,158,126,0
7730,2630,860,172,108,0
4857,3161,616,494,118,0
340,4321,611,970,197,0
382,669,1625,1335,100,1
9748,3168,1950,1427,160,1
8491,2121,1835,1693,5,0
138,4078,1467,1794,125,1
358,4151,1355,2724,102,0
4931,719,502,659,36,1
9714,2600,912,2951,141,1
3456,3598,78,666,36,0
1627,4669,584,3535,7,1
9495,666,1958,367,76,0
6626,283,1961,550,140,0
5004,3903,687,643,39,1
9326,3565,395,1894,106,0
6652,2234,1631,255,91,0
6416,4593,1880,208,185,0
3170,1465,1126,2498,17,0
3835,129,401,95,56,1
8017,4734,974,1884,82,0
2151,2060,223,2887,165,0
9429,3672,517,478,31,1
